,price
0,10846590
1,24500000
2,136893510
3,141900000
4,13240586
5,10600000
6,8517778
7,12700000
8,9900000
9,13867791
10,89010000
11,150000000
12,9990000
13,22800000
14,13509421
15,18850052
16,85000000
17,61800000
18,52722487
19,104900000
20,13500000
21,37835597
22,23954676
23,12341000
24,19186000
25,5921400
26,9197448
27,8576244
28,10850000
29,40944700
30,12950000
31,24000000
32,168390000
33,8431662
34,9697109
35,229500000
36,114200061
37,52990000
38,119000000
39,15471500
40,115000000
41,40684539
42,86000000
43,24491138
44,130000000
45,35000000
46,15711300
47,71826959
48,16587074
49,19424397
50,74027567
51,62000000
52,12450000
53,11697503
54,27000000
55,7573561
56,10197000
57,30064020
58,5664341
59,51950000
60,19847061
61,21750000
62,152490000
63,246547171
64,37847000
65,38950000
66,175000000
67,74500000
68,20176941
69,134193500
70,15509395
71,57500000
72,75101502
73,40000000
74,10899637
75,17580720
76,16800000
77,56500000
78,14650000
79,23500000
80,7330440
81,7834910
82,15990000
83,64815530
84,98500000
85,14800000
86,62990000
87,10490000
88,20900000
89,18000000
90,149258558
91,7228155
92,23500000
93,6247460
94,19028856
95,88000000
96,59900000
97,27990000
98,156000000
99,10006819
100,22500000
101,6941195
102,7537807
103,12500000
104,11100000
105,22500000
106,63063207
107,24999000
108,19906220
109,6338873
110,78000000
111,13936000
112,14500000
113,67000000
114,54000000
115,35000000
116,178000000
117,17400000
118,93750000
119,13645193
120,23868000
121,23000000
122,6850000
123,7256330
124,18990000
125,7332116
126,40900000
127,11490000
128,17606234
129,9615124
130,133560000
131,7694038
132,34650000
133,124597929
134,120587020
135,56000000
136,24455368
137,9123400
138,9591911
139,14050000
140,8977500
141,67553034
142,46910472
143,50000000
144,47099900
145,211194969
146,53400000
147,65500000
148,70000000
149,45340889
150,22000000
151,150206875
152,83470000
153,348930819
154,6609454
155,17295455
156,160000000
157,102000000
158,36983117
159,130863000
160,100000000
161,100500000
162,19796539
163,102606740
164,60173080
165,30500000
166,12448080
167,31916000
168,14376232
169,53892000
170,156320000
171,23300000
172,26636010
173,19999900
174,9900000
175,7064820
176,20505276
177,15500000
178,30734587
179,13650000
180,20713585
181,149990000
182,12700000
183,34000000
184,50000000
185,15350000
186,26993838
187,7034635
188,26400000
189,8880000
190,13349999
191,73016000
192,45000000
193,39050875
194,117570000
195,11957900
196,7511600
197,22000000
198,17000000
199,23676796
200,42801611
201,10003566
202,7245002
203,92724080
204,31589200
205,18500000
206,17165266
207,147619768
208,31593120
209,243250000
210,38999999
211,84840000
212,65000000
213,13790000
214,16020721
215,22885200
216,105597484
217,10500000
218,113000000
219,11698416
220,69000000
221,44392530
222,17500000
223,79391370
224,170000000
225,35255791
226,21750000
227,12500000
228,6497187
229,39990000
230,29949630
231,20607783
232,6161342
233,60000000
234,128553459
235,11499999
236,14500000
237,180000000
238,246547171
239,7690741
240,13685585
241,111998000
242,44212680
243,7249481
244,8387700
245,59900000
246,13650000
247,18700000
248,8221140
249,13378342
250,91999000
251,53006438
252,14005622
253,10800000
254,82400000
255,58000000
256,19000000
257,64850000
258,31822257
259,25590000
260,6840403
261,14500000
262,6630000
263,21954390
264,22191190
265,250000000
266,22200648
267,9109030
268,39000000
269,6892900
270,7477360
271,15450000
272,23981169
273,6343152
274,16000000
275,7790000
276,37946435
277,13788742
278,28109700
279,104500000
280,7270560
281,8900000
282,24900000
283,11048000
284,8883284
285,13490000
286,10872765
287,10650000
288,7387633
289,32544000
290,13437867
291,27000000
292,11000000
293,20268062
294,70000000
295,11200000
296,15868073
297,23789694
298,20761200
299,10800000
300,40000000
301,85000000
302,9431640
303,7990725
304,95850000
305,10292088
306,20900000
307,8693852
308,120000000
309,15509395
310,22691340
311,133260000
312,118850000
313,19517775
314,16990000
315,12250000
316,9000000
317,12300000
318,171830000
319,65000000
320,12500000
321,67500000
322,8023455
323,14514005
324,26500000
325,63770000
326,11590000
327,334840000
328,15450000
329,22377265
330,5500000
331,300000000
332,125000000
333,12300000
334,24802781
335,9696622
336,19235052
337,51595400
338,13520000
339,15084530
340,8005267
341,24807771
342,109213650
343,15999000
344,63000000
345,8800000
346,12000000
347,11600000
348,21000000
349,120000000
350,245044800
351,8250000
352,8489362
353,24040000
354,11642400
355,83665000
356,125740000
357,8723875
358,14766000
359,6930000
360,23500000
361,22000000
362,8039150
363,20348929
364,23000000
365,340000000
366,70000000
367,9500000
368,25739827
369,111772070
370,150000000
371,23300000
372,21500000
373,18500000
374,85645820
375,215000000
376,20600000
377,79500000
378,298305005
379,110000000
380,9842394
381,9841574
382,59000000
383,7774550
384,24365322
385,118214224
386,10560107
387,8150568
388,10018820
389,27731079
390,17050000
391,243000000
392,31500000
393,62000000
394,183647799
395,14950000
396,23990000
397,10800000
398,6177693
399,235000000
400,58000000
401,183000000
402,69818660
403,12000000
404,12838247
405,32000000
406,29900000
407,52000000
408,119600000
409,16900000
410,8273820
411,16500000
412,45000000
413,25870000
414,22102800
415,12005280
416,12900000
417,48000000
418,13999000
419,7887861
420,14600376
421,19990000
422,17139101
423,17700000
424,41822550
425,6900000
426,10073354
427,16682400
428,10950000
429,12062397
430,67314000
431,39746265
432,348930819
433,140000000
434,125000000
435,17960468
436,38212000
437,33763804
438,28000000
439,12300000
440,75686400
441,29700000
442,10800000
443,12900000
444,13000000
445,10317236
446,29000000
447,120000000
448,7262400
449,16200000
450,72150000
451,11450000
452,94390000
453,136520000
454,26550000
455,227576030
456,48664268
457,43300000
458,6413121
459,75822560
460,27957272
461,46829769
462,23230000
463,6990000
464,25000000
465,7500000
466,9120000
467,19500000
468,99000000
469,229400000
470,72000000
471,94966000
472,56000000
473,13936853
474,26265300
475,37570280
476,70000000
477,10437000
478,166430000
479,80000000
480,16900000
481,11374947
482,128740413
483,27000000
484,290000000
485,109900000
486,8603403
487,15600000
488,12400000
489,70223810
490,21900000
491,17182500
492,10541750
493,9200000
494,33325847
495,8340964
496,18648850
497,28000000
498,8881702
499,7523604
500,29641732
501,60425332
502,12303806
503,45000000
504,46000000
505,28444150
506,10800000
507,74900000
508,21724422
509,7340206
510,199000000
511,19698763
512,12600000
513,28740496
514,26444880
515,23500000
516,7747036
517,103840000
518,19900000
519,95496855
520,18967950
521,7349391
522,18500000
523,19412167
524,22500000
525,234000000
526,6739354
527,7263755
528,11827267
529,9599099
530,78051600
531,22000000
532,17500000
533,19755994
534,13716522
535,8510156
536,8900000
537,11100000
538,66000000
539,12500000
540,60000000
541,114000000
542,22500000
543,42700000
544,59000000
545,15779013
546,27900000
547,15299000
548,54890000
549,9000000
550,7535598
551,12500000
552,10148361
553,4650000
554,12200000
555,13875678
556,13239135
557,28490400
558,33366060
559,7500000
560,98069364
561,27500000
562,16392460
563,16000000
564,7500000
565,8564158
566,17900000
567,100000000
568,45790000
569,28107000
570,6843739
571,11800000
572,22800000
573,12300000
574,29641732
575,73000000
576,27000000
577,17800000
578,73272500
579,22000000
580,15904625
581,18900000
582,18505969
583,23900000
584,12400000
585,10620000
586,175000000
587,97192833
588,118653290
589,15805008
590,16590000
591,9250000
592,20500000
593,16047986
594,13212178
595,9012283
596,61000000
597,42704692
598,10500000
599,19022640
600,94392000
601,44000000
602,34738830
603,7985893
604,8380108
605,23250000
606,13000000
607,102000000
608,52537010
609,17613428
610,159990000
611,25801520
612,145000000
613,8750518
614,25500000
615,90000000
616,15950000
617,52810300
618,12300000
619,5400000
620,23132200
621,6873600
622,50869000
623,125000000
624,16275573
625,82350000
626,119371069
627,9120000
628,49737000
629,18801719
630,75000000
631,7806659
632,20761200
633,14750000
634,6294131
635,21941564
636,60000000
637,35800000
638,13000000
639,14612749
640,26908020
641,7400000
642,14500000
643,58500000
644,75000000
645,91823899
646,153000000
647,11900000
648,27400000
649,23132200
650,23573817
651,14124600
652,11800000
653,6990000
654,95000000
655,29485060
656,21612856
657,72929576
658,31891753
659,7410073
660,25870000
661,82000000
662,20500000
663,150000000
664,9198000
665,15435805
666,13611600
667,18900000
668,18707580
669,8163501
670,13290000
671,69000000
672,7843201
673,8800000
674,10996444
675,7326435
676,85000000
677,15382340
678,48500000
679,12664400
680,70057260
681,12180000
682,7219324
683,27748200
684,17438423
685,22141202
686,93774964
687,15558953
688,44000000
689,27999000
690,20119633
691,6600000
692,53892000
693,113319844
694,19900000
695,68515736
696,5950000
697,14500000
698,7799883
699,29950000
700,11350000
701,10218540
702,17091138
703,84999000
704,14500000
705,29949630
706,15000000
707,61104000
708,16543800
709,29000000
710,18800000
711,98783807
712,50000000
713,8744632
714,7646727
715,8895615
716,45990000
717,125000000
718,26876310
719,21660000
720,8700000
721,14938794
722,13999999
723,58500000
724,135726846
725,32729550
726,45501172
727,12716913
728,204169561
729,45000000
730,10059279
731,53738243
732,15803611
733,15500000
734,121440000
735,20000000
736,174600000
737,40548808
738,188240000
739,24599598
740,49344000
741,209622000
742,35250000
743,214000000
744,8400000
745,6957573
746,97850000
747,7887450
748,8608740
749,16499600
750,22300000
751,218430000
752,51413388
753,17444160
754,28900000
755,9145773
756,19300000
757,12630000
758,23000000
759,19076728
760,6949791
761,34500000
762,18335648
763,6175064
764,296485000
765,15613500
766,265500000
767,25537891
768,16336845
769,10085525
770,16800000
771,80000000
772,243000000
773,94000000
774,58000000
775,8450000
776,175400000
777,75000000
778,11957900
779,19900000
780,8968750
781,44000000
782,17500000
783,26093185
784,16900000
785,6908954
786,7346468
787,12399000
788,185000000
789,63000000
790,5752625
791,12000000
792,7423500
793,8128776
794,65000000
795,10600000
796,10715978
797,14899000
798,17800000
799,42000000
800,40630000
801,80000000
802,11300000
803,46910472
804,22500000
805,44000000
806,29734300
807,135000000
808,16400000
809,7890000
810,35104400
811,13065207
812,24900000
813,8541218
814,13950000
815,6370000
816,75000000
817,8175369
818,13999999
819,9419190
820,14499999
821,18000000
822,38105805
823,26821984
824,44741025
825,63000000
826,10310008
827,128000000
828,39700000
829,50512254
830,9768652
831,23000000
832,31700000
833,77365300
834,10900000
835,307610064
836,10700000
837,97339690
838,9724398
839,8958530
840,16000000
841,17500000
842,22000000
843,11300000
844,16500000
845,35121475
846,9350000
847,6979706
848,66895224
849,6129874
850,54635356
851,18900000
852,38187900
853,7344464
854,10339670
855,17606234
856,9109030
857,61300000
858,35242500
859,95500000
860,8654510
861,21900000
862,47000000
863,85000000
864,8896761
865,11000000
866,210000000
867,29367720
868,60251280
869,32107152
870,231396227
871,18800000
872,37050836
873,17190000
874,11505944
875,29554210
876,155790000
877,127000000
878,20000000
879,290000000
880,160000000
881,44259823
882,21200000
883,13990000
884,11301120
885,33705047
886,189500000
887,14100000
888,10150000
889,45957500
890,21989139
891,63650000
892,202012579
893,36098260
894,7185491
895,35159351
896,10500000
897,17900000
898,20900000
899,19544281
900,25900000
901,47583807
902,33948458
903,11101234
904,20200000
905,22838193
906,7909733
907,20900000
908,36300000
909,41194092
910,16500000
911,12700000
912,23876670
913,24900000
914,107700000
915,19000000
916,88594539
917,7950991
918,15471500
919,25196536
920,11000000
921,56000000
922,164640000
923,12550000
924,116690000
925,74900000
926,10000000
927,86856437
928,7990000
929,35676900
930,50980000
931,6050000
932,29800000
933,28963060
934,24800000
935,22158500
936,10965433
937,45000000
938,15500000
939,321574825
940,137060000
941,7092317
942,52900000
943,16005769
944,17960468
945,20500000
946,16435900
947,15900000
948,7026445
949,21500000
950,78450000
951,71826959
952,7225190
953,21400000
954,156320000
955,41670000
956,39526284
957,108000000
958,33753258
959,15332183
960,14000000
961,25700000
962,7690741
963,21000000
964,14999000
965,27000000
966,12900000
967,93000000
968,51000000
969,5200000
970,222000000
971,30000000
972,122108738
973,7766495
974,22960000
975,10800000
976,12600000
977,30150018
978,11500000
979,7104369
980,101500000
981,6985647
982,31358930
983,19894000
984,13705200
985,12550000
986,117074880
987,250000000
988,33490000
989,27000000
990,9750764
991,34516597
992,14800000
993,46000000
994,22655338
995,20000000
996,7656412
997,6457023
998,84886372
999,24070000
1000,59900000
1001,15000000
1002,9380000
1003,24500000
1004,92690000
1005,91873800
1006,35654210
1007,24500000
1008,30000000
1009,18900000
1010,39500000
1011,70432326
1012,7137541
1013,11500000
1014,26906628
1015,14500000
1016,6300000
1017,15700000
1018,60000000
1019,17900000
1020,15200000
1021,26905000
1022,5377803
1023,52006000
1024,9800000
1025,135366793
1026,14729880
1027,82000000
1028,37336346
1029,21998860
1030,32674530
1031,92724080
1032,18600000
1033,42700000
1034,43725360
1035,16679295
1036,8134448
1037,10599000
1038,65614185
1039,16500000
1040,13300000
1041,127500000
1042,30813600
1043,28938350
1044,13500000
1045,6858615
1046,29955305
1047,36260790
1048,18400000
1049,39888450
1050,170000000
1051,21870420
1052,12387916
1053,6282792
1054,15700000
1055,31674060
1056,16200000
1057,10850000
1058,60000000
1059,25042863
1060,20193902
1061,49000000
1062,10879110
1063,8586459
1064,69800000
1065,15962327
1066,14000000
1067,34000000
1068,8504005
1069,7137923
1070,17700000
1071,28067702
1072,120000000
1073,23700000
1074,11300000
1075,60000000
1076,110000000
1077,34827657
1078,8931120
1079,6341359
1080,67000000
1081,59000000
1082,27353300
1083,7518762
1084,16046112
1085,14777586
1086,11800000
1087,7490000
1088,25159630
1089,9895035
1090,6722089
1091,13759354
1092,7891600
1093,13500000
1094,9853928
1095,19800000
1096,7245647
1097,52437150
1098,10950000
1099,5911217
1100,73000000
1101,20910960
1102,9300000
1103,22880000
1104,28014688
1105,21000000
1106,7320992
1107,10202659
1108,8474400
1109,25450000
1110,6187537
1111,18900000
1112,32235480
1113,175000000
1114,34785452
1115,10300000
1116,93774964
1117,66000000
1118,59000000
1119,7832175
1120,59384010
1121,9044191
1122,46000000
1123,20166020
1124,52289810
1125,15414718
1126,27957272
1127,8376440
1128,8384518
1129,4950000
1130,13900000
1131,12500000
1132,7954114
1133,202012579
1134,25750000
1135,8193088
1136,10846590
1137,20700000
1138,27429037
1139,23275000
1140,19412167
1141,79986550
1142,7100000
1143,142182309
1144,12000000
1145,8295210
1146,9120000
1147,8000000
1148,119900000
1149,11600000
1150,31374835
1151,16500000
1152,21289999
1153,17726214
1154,12700000
1155,24921930
1156,28700000
1157,15241600
1158,121651111
1159,18350554
1160,22500000
1161,55620985
1162,8089171
1163,8300000
1164,9793785
1165,63000000
1166,50078940
1167,10490000
1168,25990000
1169,20577230
1170,25000000
1171,147800000
1172,11400000
1173,10072244
1174,16950000
1175,20600000
1176,9973705
1177,18300000
1178,12005280
1179,23100000
1180,67290835
1181,19390000
1182,13072251
1183,7219473
1184,44496400
1185,54990000
1186,40471200
1187,15950000
1188,59000000
1189,7531741
1190,55500800
1191,56477562
1192,72000000
1193,13578463
1194,6551977
1195,22845714
1196,29997306
1197,8060000
1198,16030653
1199,17500000
1200,21287149
1201,43000000
1202,49853736
1203,24674179
1204,135103850
1205,69000000
1206,15219000
1207,8500000
1208,87900000
1209,194460000
1210,21188976
1211,36900000
1212,13750000
1213,21500000
1214,9900000
1215,8390000
1216,40414336
1217,65000000
1218,7324337
1219,30455467
1220,17000000
1221,17100000
1222,23800000
1223,53156644
1224,30375342
1225,10390000
1226,20600000
1227,80000000
1228,84500000
1229,142000000
1230,56095999
1231,18194057
1232,150000000
1233,7253668
1234,85000000
1235,19000000
1236,12299999
1237,16850000
1238,44700000
1239,15683557
1240,6844075
1241,6708124
1242,14900000
1243,12700000
1244,135000000
1245,10700000
1246,11088400
1247,10900000
1248,8324580
1249,35500000
1250,23852901
1251,90000000
1252,67000000
1253,27600000
1254,10400000
1255,7713703
1256,7598344
1257,6990000
1258,202012579
1259,16000000
1260,5939943
1261,23300000
1262,97729363
1263,120000000
1264,176120000
1265,6908954
1266,24504472
1267,29200000
1268,160500000
1269,20174859
1270,29900000
1271,58910000
1272,52500000
1273,67000000
1274,20000000
1275,46000000
1276,18616920
1277,66000000
1278,21384000
1279,37900000
1280,30190932
1281,64185100
1282,7417803
1283,14097355
1284,79000000
1285,8900000
1286,243000000
1287,52900000
1288,22000000
1289,69945000
1290,18382016
1291,11700000
1292,23900000
1293,14000000
1294,20607783
1295,26905000
1296,6883313
1297,157770000
1298,36208500
1299,7622245
1300,34716000
1301,5900000
1302,9969687
1303,6298097
1304,9950000
1305,135000000
1306,71000000
1307,12950000
1308,24900000
1309,15094293
1310,103840000
1311,85000000
1312,6374289
1313,32610600
1314,12640500
1315,37000000
1316,14000000
1317,85000000
1318,27038015
1319,59500000
1320,14543900
1321,7456918
1322,8323928
1323,30500000
1324,21985200
1325,46000000
1326,149000000
1327,45159446
1328,234583016
1329,37000000
1330,7766495
1331,16700000
1332,14147280
1333,76034640
1334,25708800
1335,150000000
1336,170000000
1337,18770300
1338,70000000
1339,7916300
1340,21850000
1341,114000000
1342,18064000
1343,18500000
1344,18412265
1345,63800000
1346,19400000
1347,26509404
1348,185000000
1349,85000000
1350,11500000
1351,10950000
1352,25700000
1353,8754619
1354,7722612
1355,5813470
1356,9215000
1357,101006289
1358,43000000
1359,43258641
1360,10800000
1361,21960000
1362,12400000
1363,75000000
1364,209000000
1365,45000000
1366,18753288
1367,14105020
1368,40484365
1369,24934142
1370,10453302
1371,31990000
1372,116000000
1373,34149478
1374,11500000
1375,20300000
1376,6475567
1377,23750000
1378,15241600
1379,99000000
1380,119000000
1381,16608557
1382,24500000
1383,250000000
1384,80000000
1385,13100000
1386,9197760
1387,8969478
1388,28798635
1389,7422800
1390,26906628
1391,17200000
1392,25739827
1393,40000000
1394,33100000
1395,214000000
1396,9221092
1397,51800000
1398,23954676
1399,47500000
1400,62398204
1401,20789040
1402,70480640
1403,16300000
1404,8749863
1405,13500000
1406,20495970
1407,9760299
1408,141285090
1409,10290000
1410,190000000
1411,120569530
1412,18800000
1413,23132200
1414,11590000
1415,11371140
1416,230000000
1417,40923350
1418,7946543
1419,7655667
1420,28520054
1421,18467803
1422,9445763
1423,9380000
1424,5876640
1425,22388200
1426,108000000
1427,13500000
1428,9990000
1429,57558600
1430,13400000
1431,34700000
1432,30900000
1433,65924706
1434,22262123
1435,23954676
1436,156750000
1437,40541139
1438,12640000
1439,11700000
1440,50100000
1441,22300000
1442,9278276
1443,19500000
1444,42000000
1445,7996899
1446,16300000
1447,15532979
1448,6950000
1449,26500000
1450,20633007
1451,80000000
1452,79990000
1453,22845714
1454,20818680
1455,20577230
1456,68500000
1457,13133050
1458,45500000
1459,7900000
1460,6738862
1461,85000000
1462,27342448
1463,45000000
1464,147740318
1465,93357000
1466,28000000
1467,26659227
1468,8892000
1469,85000000
1470,8747370
1471,42000000
1472,119922417
1473,126110000
1474,89987421
1475,4435500
1476,25400000
1477,12000000
1478,15900000
1479,6759869
1480,10674920
1481,7106326
1482,7934524
1483,18697300
1484,45900000
1485,28306573
1486,7246943
1487,20000000
1488,62000000
1489,86000000
1490,27155520
1491,11000000
1492,10560107
1493,10025380
1494,48265552
1495,243000000
1496,11800000
1497,7590237
1498,19200000
1499,7082534
1500,10700000
1501,59900000
1502,13500000
1503,39900000
1504,14406557
1505,13746719
1506,7624876
1507,92000000
1508,10341310
1509,11100000
1510,12300000
1511,7584663
1512,133844257
1513,162520646
1514,164000000
1515,33851500
1516,98000000
1517,20490000
1518,20000000
1519,12500000
1520,11900000
1521,188111735
1522,16400000
1523,47592976
1524,7866976
1525,7900000
1526,40737000
1527,19500000
1528,40940000
1529,39000000
1530,14800000
1531,220000000
1532,16300000
1533,8353228
1534,60000000
1535,35500000
1536,40033063
1537,244900000
1538,142000000
1539,45000000
1540,20575914
1541,43000000
1542,28886460
1543,149258558
1544,7425270
1545,125000000
1546,24290000
1547,13500000
1548,34233920
1549,21586085
1550,39641613
1551,36785710
1552,22100000
1553,210000000
1554,26075000
1555,8250000
1556,16950000
1557,57000000
1558,6832024
1559,38900000
1560,10118978
1561,140000000
1562,76200000
1563,63000000
1564,14900000
1565,9000000
1566,17200000
1567,22499235
1568,8544383
1569,38000000
1570,200000000
1571,67800000
1572,56649789
1573,162054154
1574,18767513
1575,138750000
1576,6800000
1577,185000000
1578,7277739
1579,125000000
1580,21800000
1581,71692438
1582,44000000
1583,62000000
1584,194940000
1585,16500000
1586,7471068
1587,9400000
1588,95000000
1589,56000000
1590,12181200
1591,24000000
1592,17000000
1593,67490000
1594,42064440
1595,8700000
1596,46500000
1597,9565113
1598,136000000
1599,9000000
1600,14629831
1601,28234752
1602,34000000
1603,9215000
1604,13499000
1605,6956451
1606,56000000
1607,68000000
1608,29900000
1609,17438680
1610,35000000
1611,26000000
1612,23000000
1613,6350218
1614,239439200
1615,39144588
1616,14500000
1617,29043181
1618,20119633
1619,21960000
1620,26014450
1621,46236452
1622,49000000
1623,17700000
1624,17182500
1625,11200000
1626,34626390
1627,31000000
1628,13325732
1629,7728286
1630,8287464
1631,29754536
1632,230000000
1633,6493455
1634,15500000
1635,92000000
1636,140000000
1637,31950000
1638,89465815
1639,35400000
1640,197000000
1641,26700000
1642,98000000
1643,53742300
1644,13500000
1645,32068050
1646,110000000
1647,58000000
1648,68504310
1649,48500000
1650,20440000
1651,19500000
1652,10200000
1653,14601211
1654,36260000
1655,21000000
1656,31500000
1657,32000000
1658,24000000
1659,22691340
1660,20490000
1661,5797568
1662,16500000
1663,13900000
1664,27738644
1665,9984431
1666,96850000
1667,37900000
1668,29035311
1669,7563226
1670,15200000
1671,9900000
1672,39372318
1673,114000000
1674,12700000
1675,6107775
1676,12400000
1677,54435763
1678,31000000
1679,30515527
1680,13600000
1681,90642000
1682,147496668
1683,8967197
1684,18900000
1685,16275573
1686,5250000
1687,52182437
1688,17900000
1689,79820000
1690,11078458
1691,114896056
1692,30018191
1693,90446541
1694,6900000
1695,138420000
1696,9997455
1697,55094339
1698,235370000
1699,7891444
1700,24900000
1701,12341000
1702,6515600
1703,29990000
1704,15576900
1705,73578176
1706,9587070
1707,19500000
1708,65000000
1709,22500000
1710,8632449
1711,12204000
1712,16698624
1713,20990000
1714,94992793
1715,18800000
1716,95238000
1717,20495970
1718,69945000
1719,20500000
1720,17815210
1721,13990000
1722,6114211
1723,13099013
1724,38500000
1725,45400000
1726,20339400
1727,32300000
1728,7670656
1729,6755400
1730,28000000
1731,47000000
1732,7613535
1733,202012579
1734,23954676
1735,18900000
1736,13645193
1737,46675000
1738,10300000
1739,321360000
1740,27398499
1741,13700000
1742,15366099
1743,8460359
1744,79986550
1745,8000000
1746,24674120
1747,17858691
1748,5990000
1749,160420000
1750,170000000
1751,277800000
1752,414900000
1753,9332996
1754,21612823
1755,190000000
1756,15300000
1757,10005152
1758,23500000
1759,67918760
1760,102000000
1761,95000000
1762,14999000
1763,21600000
1764,100290960
1765,35000000
1766,75741210
1767,13800000
1768,21000000
1769,123962264
1770,18200000
1771,24599598
1772,60000000
1773,94390000
1774,63391680
1775,137277114
1776,95700000
1777,22500000
1778,35000000
1779,11450000
1780,160000000
1781,30122632
1782,64704000
1783,7167144
1784,61255726
1785,7050296
1786,92360000
1787,7474000
1788,52500000
1789,47603834
1790,87000000
1791,46500000
1792,20818680
1793,8900000
1794,27000000
1795,12500000
1796,46000000
1797,120000000
1798,11900000
1799,106945102
1800,80000000
1801,7132167
1802,19230000
1803,54997550
1804,91550000
1805,36000000
1806,36500000
1807,62607425
1808,119922417
1809,33325847
1810,87000000
1811,10108612
1812,14800000
1813,22500000
1814,9858408
1815,7200000
1816,125000000
1817,75000000
1818,4200000
1819,9500000
1820,65000000
1821,29900000
1822,21200000
1823,23354962
1824,13564850
1825,18400000
1826,17599000
1827,29000000
1828,15599370
1829,24463584
1830,11206500
1831,14679014
1832,14700000
1833,5972113
1834,11750000
1835,19355220
1836,21381578
1837,43800000
1838,8126307
1839,13874404
1840,79463370
1841,6412456
1842,103777000
1843,11290000
1844,7407435
1845,64447342
1846,24504472
1847,10335006
1848,75000000
1849,22900000
1850,19500000
1851,19900000
1852,25123990
1853,49000000
1854,29176228
1855,290000000
1856,12000000
1857,7219130
1858,75000000
1859,69262270
1860,485190000
1861,9950000
1862,34812009
1863,40944700
1864,93988700
1865,12000000
1866,95000000
1867,19503120
1868,15900000
1869,83312500
1870,13599000
1871,54990000
1872,8078935
1873,5880000
1874,14808337
1875,7262402
1876,13578463
1877,6886952
1878,65924706
1879,7215128
1880,165000000
1881,12290000
1882,18140217
1883,13500000
1884,5386605
1885,79820000
1886,7469511
1887,6182125
1888,74027567
1889,7900000
1890,13600000
1891,29850000
1892,12500000
1893,11700000
1894,10950000
1895,11700000
1896,24000000
1897,12150000
1898,115000000
1899,15177679
1900,138000000
1901,55137354
1902,136520000
1903,210056000
1904,30722286
1905,22892724
1906,75999999
1907,18900000
1908,23190000
1909,8960589
1910,24397788
1911,7441904
1912,26628345
1913,10990000
1914,19600000
1915,31289863
1916,18115930
1917,27250000
1918,29900000
1919,7394589
1920,10662310
1921,13400000
1922,24383773
1923,14852311
1924,65200000
1925,29460366
1926,26738605
1927,23824000
1928,13850000
1929,76354480
1930,165420000
1931,147120000
1932,6872280
1933,33790000
1934,25047500
1935,15990000
1936,20990000
1937,17990150
1938,92500000
1939,5701491
1940,47660600
1941,12113575
1942,118300000
1943,57000000
1944,53757472
1945,16845032
1946,17670000
1947,75918250
1948,13999999
1949,11730000
1950,9700000
1951,101000000
1952,253431847
1953,19000000
1954,19500000
1955,21000000
1956,7148074
1957,12083000
1958,15219000
1959,42000000
1960,23000000
1961,9278254
1962,17700000
1963,49000000
1964,58062670
1965,175400000
1966,7039456
1967,16019477
1968,17390000
1969,80000000
1970,19500000
1971,7136780
1972,25642000
1973,16700000
1974,59900000
1975,9511937
1976,99679798
1977,17000000
1978,14528367
1979,180000000
1980,28058677
1981,14612749
1982,6634000
1983,5020500
1984,65000000
1985,6225409
1986,7950834
1987,6609100
1988,7614831
1989,90000000
1990,33762426
1991,15904625
1992,106500000
1993,79000000
1994,230000000
1995,15523613
1996,8599500
1997,14990000
1998,66490000
1999,10500000
2000,10753478
2001,17990000
2002,99000000
2003,17800000
2004,320912575
2005,6900000
2006,19612821
2007,172007728
2008,19460400
2009,290000000
2010,13611600
2011,11950000
2012,10900000
2013,16212200
2014,15900000
2015,16000000
2016,53000000
2017,13250000
2018,120000000
2019,14850000
2020,45403179
2021,6000000
2022,84714335
2023,485190000
2024,7884000
2025,85000000
2026,75000000
2027,58000000
2028,7133080
2029,36962923
2030,18950000
2031,22416264
2032,8686046
2033,7700000
2034,11750000
2035,36000000
2036,193290000
2037,81383352
2038,17427800
2039,78500000
2040,150000000
2041,11300000
2042,199000000
2043,46341099
2044,29485140
2045,13324691
2046,13500000
2047,21990000
2048,29128619
2049,165000000
2050,74540000
2051,110200000
2052,55000000
2053,165000000
2054,37237200
2055,7169794
2056,27000000
2057,13500000
2058,165000000
2059,14899000
2060,149300000
2061,11206500
2062,59519000
2063,23432905
2064,17200000
2065,14000000
2066,90000000
2067,15000000
2068,21941564
2069,13125780
2070,120000000
2071,38000000
2072,49500000
2073,76900000
2074,14200000
2075,38795156
2076,41500000
2077,35519841
2078,38795156
2079,21886409
2080,115000000
2081,12800000
2082,23700000
2083,36635670
2084,68867924
2085,120530190
2086,23340645
2087,52000000
2088,58300000
2089,27490000
2090,33900000
2091,39000000
2092,9884467
2093,12300000
2094,10500000
2095,76900000
2096,8758891
2097,21500000
2098,7300000
2099,31150000
2100,10700000
2101,11300000
2102,13000000
2103,34500000
2104,14500000
2105,7447813
2106,8543762
2107,20763062
2108,11708040
2109,21390000
2110,258140000
2111,20837200
2112,67970000
2113,17990000
2114,14000000
2115,10000000
2116,19005728
2117,26000000
2118,34700000
2119,13400000
2120,6572026
2121,15600000
2122,101000000
2123,13187100
2124,130000000
2125,72300000
2126,16065003
2127,21316727
2128,17400000
2129,31100000
2130,40900000
2131,265500000
2132,7890000
2133,16490715
2134,60000000
2135,35500000
2136,17000000
2137,5599366
2138,9657426
2139,82500000
2140,96705000
2141,26131093
2142,6928476
2143,17600000
2144,120000000
2145,246547171
2146,17500000
2147,16800000
2148,7549750
2149,28938350
2150,8520563
2151,61977536
2152,45817840
2153,19900000
2154,35249080
2155,7482996
2156,16936650
2157,21286312
2158,6507900
2159,11990000
2160,85000000
2161,135000000
2162,37600000
2163,5399800
2164,43565500
2165,8278774
2166,6182694
2167,67900000
2168,7083855
2169,30500000
2170,34000000
2171,18933683
2172,46113210
2173,110000000
2174,44000000
2175,22641734
2176,23687461
2177,20500000
2178,12800000
2179,138169710
2180,8340964
2181,26000000
2182,7671875
2183,15350000
2184,14999000
2185,81000000
2186,17300000
2187,31423323
2188,250000000
2189,10019520
2190,22208503
2191,29999999
2192,215000000
2193,62243280
2194,7499676
2195,13500000
2196,150000000
2197,229559749
2198,4999999
2199,17297217
2200,13490000
2201,10900000
2202,25848790
2203,12000000
2204,40753590
2205,120000000
2206,22691340
2207,52810300
2208,29950000
2209,11387200
2210,182560000
2211,7490000
2212,22500000
2213,67000000
2214,23136004
2215,27748200
2216,7238174
2217,10000000
2218,110000000
2219,171830000
2220,63627700
2221,25184168
2222,24200000
2223,72760814
2224,19500000
2225,194800000
2226,26790000
2227,94000000
2228,13800000
2229,25900000
2230,73810000
2231,40000000
2232,189791469
2233,80000000
2234,12500000
2235,8212829
2236,51922588
2237,146680371
2238,12306411
2239,135000000
2240,14550000
2241,26200000
2242,11008338
2243,270880504
2244,39472888
2245,79836680
2246,10001880
2247,56000000
2248,13900000
2249,233000000
2250,89900000
2251,19500000
2252,44000000
2253,7025786
2254,20755200
2255,6449875
2256,32950000
2257,232773586
2258,120000000
2259,7500000
2260,155790000
2261,62500000
2262,13300000
2263,24500000
2264,15100000
2265,13300000
2266,19250000
2267,137733400
2268,7108504
2269,9500000
2270,13187100
2271,155350000
2272,13800000
2273,17600940
2274,21550000
2275,27343186
2276,174494300
2277,10852918
2278,10001880
2279,52722487
2280,11950000
2281,14490000
2282,65160084
2283,203828966
2284,50869000
2285,9215000
2286,12591291
2287,18900000
2288,284654089
2289,125000000
2290,43500000
2291,19990000
2292,6133280
2293,36800000
2294,14968800
2295,12000000
2296,72519999
2297,21720988
2298,24600000
2299,25273435
2300,9000000
2301,66960000
2302,16256500
2303,25000000
2304,96000000
2305,15177043
2306,17427800
2307,9000000
2308,68000000
2309,59000000
2310,88184211
2311,34000000
2312,183646881
2313,21333063
2314,35500000
2315,12900000
2316,12083000
2317,185000000
2318,60000000
2319,54893600
2320,19300000
2321,13450000
2322,31610675
2323,9322460
2324,10500000
2325,35121475
2326,22900000
2327,16590000
2328,61000000
2329,29912590
2330,14600000
2331,29000000
2332,98900000
2333,45561680
2334,157900000
2335,27900000
2336,33900000
2337,55000000
2338,22500000
2339,14900000
2340,19900000
2341,31000000
2342,7700000
2343,9143392
2344,9822241
2345,8900000
2346,27461232
2347,17599000
2348,42066500
2349,7338835
2350,307610064
2351,16357400
2352,31374835
2353,6342981
2354,96000000
2355,149000000
2356,27200000
2357,38918880
2358,6642400
2359,52000000
2360,227576030
2361,21284173
2362,27000000
2363,16900000
2364,5600000
2365,18950000
2366,35100000
2367,10248363
2368,27455520
2369,30944580
2370,48700623
2371,192830189
2372,10300000
2373,7806823
2374,66490000
2375,20919295
2376,52500000
2377,12113575
2378,21193759
2379,100000000
2380,14825000
2381,31000000
2382,21000000
2383,12742318
2384,11950000
2385,98070000
2386,27398499
2387,100690000
2388,94590011
2389,159355500
2390,17900000
2391,22960000
2392,102000000
2393,110530000
2394,18850052
2395,157890000
2396,7202082
2397,26213596
2398,25500000
2399,22000000
2400,18600000
2401,47272500
2402,30684658
2403,9122157
2404,5961573
2405,17900000
2406,20370000
2407,34080444
2408,19240000
2409,14331884
2410,20275360
2411,29900000
2412,53000000
2413,10300000
2414,60000000
2415,117089718
2416,59900000
2417,277760000
2418,136520000
2419,310000000
2420,7532194
2421,14437074
2422,38000000
2423,19628000
2424,59176340
2425,5400000
2426,14500000
2427,18600000
2428,10860000
2429,19990000
2430,17100750
2431,9414330
2432,8788950
2433,20490000
2434,9801000
2435,100000000
2436,24619349
2437,6918388
2438,37729120
2439,39000000
2440,73860415
2441,70000000
2442,10900000
2443,20195396
2444,20500000
2445,40000000
2446,5676739
2447,17713020
2448,7562800
2449,5600000
2450,7533137
2451,18900000
2452,19800000
2453,215000000
2454,6800000
2455,12164388
2456,65000000
2457,72000000
2458,14042883
2459,8720115
2460,15390000
2461,12848435
2462,51525312
2463,18399200
2464,35000000
2465,75000000
2466,148000000
2467,49737000
2468,19136000
2469,14143786
2470,179056604
2471,59999999
2472,22500000
2473,29613037
2474,7470140
2475,19990000
2476,11350000
2477,111500000
2478,9821289
2479,14200000
2480,44534560
2481,27570000
2482,24600000
2483,14968569
2484,22980400
2485,57080700
2486,42066500
2487,70000000
2488,78176062
2489,371250000
2490,7523620
2491,23275000
2492,10715978
2493,75101502
2494,10800800
2495,19459000
2496,25406304
2497,20713585
2498,40217846
2499,7703623
2500,120000000
2501,59500000
2502,41500000
2503,38000000
2504,10392240
2505,8381949
2506,15690000
2507,165000000
2508,72500000
2509,18753288
2510,14499999
2511,11300000
2512,149300000
2513,14000000
2514,22262123
2515,16900000
2516,23500000
2517,16300000
2518,8613218
2519,214867925
2520,137680000
2521,7781614
2522,22100000
2523,38000000
2524,93700000
2525,7997911
2526,21000000
2527,95000000
2528,73860415
2529,9278057
2530,13430335
2531,135000000
2532,22702148
2533,20005137
2534,6869402
2535,21800000
2536,17495340
2537,12000000
2538,11500000
2539,43188976
2540,74990000
2541,7523506
2542,7057670
2543,175000000
2544,7290000
2545,13491224
2546,15171780
2547,105947280
2548,12000000
2549,12062397
2550,9434794
2551,14190000
2552,22000000
2553,96000000
2554,14502068
2555,20239621
2556,21390000
2557,8117049
2558,16845300
2559,42000000
2560,17104690
2561,34261720
2562,41021245
2563,128553459
2564,15650035
2565,23387800
2566,18288906
2567,17494500
2568,23500000
2569,6267863
2570,19787991
2571,7459650
2572,7771080
2573,35553614
2574,9479201
2575,153000000
2576,12400000
2577,17550000
2578,9394656
2579,63857200
2580,22499000
2581,9990000
2582,72984440
2583,41724638
2584,14629831
2585,10950000
2586,20451843
2587,21946523
2588,87500000
2589,17091138
2590,18080840
2591,28200000
2592,10268497
2593,351480000
2594,57566724
2595,6681723
2596,20000000
2597,15500000
2598,18176128
2599,12341000
2600,15500000
2601,61928803
2602,43855020
2603,45435764
2604,91000000
2605,17000000
2606,16500000
2607,9675719
2608,26000000
2609,41606500
2610,52500000
2611,7795728
2612,12500000
2613,23500000
2614,15499000
2615,75000000
2616,26500000
2617,77575555
2618,7500000
2619,303725598
2620,17427800
2621,19906220
2622,25082500
2623,6354000
2624,10020267
2625,40581188
2626,17050000
2627,12300000
2628,13645193
2629,27200000
2630,6430728
2631,12300000
2632,88000000
2633,9900000
2634,14484873
2635,6031047
2636,7637903
2637,18500000
2638,150206875
2639,59500000
2640,17297217
2641,7101003
2642,35000000
2643,445000000
2644,19847061
2645,188111735
2646,53000000
2647,53000000
2648,95195600
2649,28512914
2650,83000000
2651,73000000
2652,13700000
2653,35114100
2654,57000000
2655,188750000
2656,6200000
2657,20793202
2658,19000000
2659,27900000
2660,95000000
2661,31950000
2662,72900000
2663,17800000
2664,50869000
2665,11999000
2666,31700000
2667,14490000
2668,9546317
2669,7807091
2670,23340645
2671,27979200
2672,120000000
2673,6924833
2674,20500000
2675,19900000
2676,6721716
2677,31926479
2678,160000000
2679,78950000
2680,10500000
2681,5700000
2682,27100000
2683,185848441
2684,40000000
2685,21996802
2686,76752000
2687,20000000
2688,193060098
2689,175500000
2690,19908000
2691,24335267
2692,8214784
2693,8320000
2694,110188679
2695,7855738
2696,13500000
2697,7064710
2698,13411710
2699,124920000
2700,38000000
2701,16991957
2702,6400000
2703,21900000
2704,175000000
2705,22141202
2706,66258340
2707,8462966
2708,23103660
2709,23900000
2710,110000000
2711,32800000
2712,14140000
2713,41497140
2714,16232418
2715,140000000
2716,16047986
2717,8254568
2718,16999000
2719,14682947
2720,6129627
2721,10636136
2722,77500000
2723,18000000
2724,10500000
2725,10376240
2726,70090220
2727,20713585
2728,25500000
2729,5607201
2730,45976295
2731,11900000
2732,6516484
2733,39299000
2734,68504310
2735,105000000
2736,8590000
2737,11691800
2738,348930819
2739,60000000
2740,19240000
2741,28798635
2742,17000000
2743,19789000
2744,13400000
2745,19600000
2746,27455520
2747,7849978
2748,23573817
2749,54500000
2750,15500000
2751,7424176
2752,15721467
2753,45227000
2754,7700000
2755,84900000
2756,18628050
2757,13700000
2758,27344041
2759,90642000
2760,19500000
2761,128600000
2762,80000000
2763,12300000
2764,210000000
2765,119836839
2766,68930000
2767,78100000
2768,16500000
2769,8600000
2770,8609450
2771,10065522
2772,37000000
2773,8500000
2774,13500000
2775,26244013
2776,11300000
2777,28058677
2778,32000000
2779,17190000
2780,75000000
2781,19250000
2782,15771482
2783,13215719
2784,63000000
2785,17500000
2786,8664146
2787,209988449
2788,53156644
2789,140000000
2790,13700000
2791,6723192
2792,67800000
2793,9654912
2794,14400000
2795,5540292
2796,14600000
2797,61427720
2798,90500000
2799,9222038
2800,13021786
2801,10700000
2802,23232000
2803,14100000
2804,17500000
2805,20000000
2806,17000000
2807,38739600
2808,9013227
2809,135000000
2810,82500000
2811,14890000
2812,83777500
2813,14550000
2814,31000000
2815,10760000
2816,32836930
2817,21980883
2818,102000000
2819,15046350
2820,54500000
2821,6548400
2822,7104411
2823,22953686
2824,134550000
2825,165000000
2826,17960000
2827,8409679
2828,42845675
2829,51000000
2830,10267025
2831,123000000
2832,13208000
2833,45000000
2834,6865607
2835,9595848
2836,35000000
2837,83000000
2838,21824030
2839,45000000
2840,8145000
2841,17000000
2842,26000000
2843,17390000
2844,14850000
2845,14817000
2846,11496421
2847,190852541
2848,31000000
2849,7289396
2850,13099013
2851,22297730
2852,9657426
2853,266289309
2854,16445858
2855,10500000
2856,99990000
2857,110000000
2858,19522300
2859,98000000
2860,180000000
2861,18500000
2862,13900000
2863,16102800
2864,6963440
2865,40000000
2866,11843661
2867,41500000
2868,8030581
2869,12900000
2870,16877360
2871,14100000
2872,122657078
2873,25000000
2874,24000000
2875,15332183
2876,40900000
2877,12100000
2878,97192833
2879,18500000
2880,20789040
2881,8251917
2882,78000000
2883,13860450
2884,202012488
2885,27882985
2886,105000000
2887,8663175
2888,10674102
2889,128629930
2890,23220500
2891,166990000
2892,15000000
2893,25184649
2894,95000000
2895,19500000
2896,32610600
2897,91183880
2898,253431847
2899,17000000
2900,65000000
2901,9101081
2902,26536750
2903,20760000
2904,20000000
2905,42000000
2906,6370000
2907,17600000
2908,39500000
2909,9416105
2910,28905800
2911,11700000
2912,30000000
2913,10600000
2914,16500000
2915,11333333
2916,20391226
2917,20763062
2918,13790000
2919,31715600
2920,10599000
2921,13208000
2922,6172353
2923,9830711
2924,310000000
2925,5918531
2926,44349150
2927,150000000
2928,7593381
2929,19000000
2930,506460000
2931,28014688
2932,9120000
2933,18165674
2934,34546600
2935,6974769
2936,98000000
2937,14998880
2938,6900000
2939,35589820
2940,149500000
2941,25500000
2942,13611600
2943,13700000
2944,36176520
2945,14550000
2946,47003430
2947,18999500
2948,8500000
2949,55200190
2950,82847730
2951,7230822
2952,12399000
2953,6792445
2954,57706861
2955,53198640
2956,5670000
2957,54000000
2958,31000000
2959,104500000
2960,28000000
2961,33499000
2962,20000000
2963,33900000
2964,29000000
2965,45600000
2966,33369885
2967,152983522
2968,78500000
2969,10950000
2970,13400000
2971,17130517
2972,43800000
2973,17400000
2974,21066679
2975,24449100
2976,229559749
2977,9122927
2978,39500000
2979,160000000
2980,29700000
2981,11843661
2982,11700000
2983,16219200
2984,46141900
2985,100000000
2986,128250000
2987,120000000
2988,8408419
2989,21000000
2990,29900000
2991,84450630
2992,32000000
2993,25000000
2994,8560283
2995,12499000
2996,8005940
2997,8495100
2998,20500000
2999,189000000
3000,58298000
3001,26062763
3002,30500000
3003,25500000
3004,147000000
3005,196411322
3006,22540700
3007,30272464
3008,9600000
3009,19500000
3010,8900000
3011,13990000
3012,33980000
3013,47000000
3014,23600000
3015,22465666
3016,9990000
3017,59236384
3018,35500000
3019,42000000
3020,23500000
3021,25200000
3022,17065160
3023,46500000
3024,14902089
3025,68717376
3026,29990000
3027,30000000
3028,120000000
3029,101999000
3030,17200000
3031,10121440
3032,7231081
3033,26292550
3034,19459000
3035,17900000
3036,43861536
3037,22500000
3038,90000000
3039,84999000
3040,12950000
3041,4400000
3042,79391370
3043,7478361
3044,43900000
3045,9490000
3046,37990000
3047,32800000
3048,17000000
3049,49933800
3050,183834633
3051,8583715
3052,17410625
3053,55000000
3054,30000000
3055,17900000
3056,14042883
3057,37000000
3058,17840000
3059,12550000
3060,10674920
3061,59000000
3062,72182650
3063,150000000
3064,215000000
3065,135000000
3066,16900000
3067,429420000
3068,175720000
3069,21551919
3070,10109828
3071,12500000
3072,6160820
3073,19200000
3074,23499900
3075,17768630
3076,12950000
3077,35120619
3078,50000000
3079,74990000
3080,7348250
3081,24792690
3082,39033793
3083,7361640
3084,8697036
3085,18750000
3086,6289769
3087,13115520
3088,13499000
3089,8880000
3090,65200000
3091,98763758
3092,35000000
3093,137000000
3094,12900000
3095,18250000
3096,6323381
3097,73350000
3098,164167000
3099,32335650
3100,20990000
3101,7865883
3102,12300000
3103,96287120
3104,10000000
3105,21997000
3106,25800000
3107,42300000
3108,8320070
3109,19654880
3110,135000000
3111,12000000
3112,29000000
3113,31285621
3114,10350000
3115,21586085
3116,27197280
3117,132000000
3118,9387020
3119,39873600
3120,39000000
3121,8300000
3122,15886705
3123,35000000
3124,12300000
3125,120000000
3126,87988700
3127,6618739
3128,8873144
3129,16916090
3130,88184700
3131,8390000
3132,125000000
3133,18554570
3134,130000000
3135,7352621
3136,74500000
3137,16926660
3138,31610675
3139,21600000
3140,8128776
3141,27000000
3142,15774377
3143,20173698
3144,14500000
3145,7377028
3146,9240550
3147,17999900
3148,8913574
3149,17000000
3150,10500000
3151,25500000
3152,17130517
3153,52990000
3154,19203540
3155,28459530
3156,69000000
3157,15500000
3158,46000000
3159,60990000
3160,8060000
3161,24740430
3162,37600000
3163,69415920
3164,26380959
3165,21440711
3166,56000000
3167,113000000
3168,25000000
3169,7481812
3170,7911359
3171,21720988
3172,183647799
3173,13021076
3174,80000000
3175,6729480
3176,15683202
3177,14900000
3178,21124543
3179,20005137
3180,40600000
3181,6700000
3182,31000000
3183,9818181
3184,72179500
3185,9480000
3186,21112000
3187,15190600
3188,33369885
3189,87461600
3190,243000000
3191,60000000
3192,70000000
3193,21481200
3194,31500000
3195,14900000
3196,5750117
3197,4600000
3198,14700000
3199,51850000
3200,65000000
3201,49326900
3202,22691340
3203,11878125
3204,14950000
3205,163730000
3206,23136490
3207,164740000
3208,7846606
3209,16950000
3210,22400000
3211,20600000
3212,107526900
3213,24450000
3214,18900000
3215,10205810
3216,53000000
3217,166400000
3218,15500000
3219,8490000
3220,28000000
3221,7842250
3222,14887154
3223,35000000
3224,10950000
3225,12375999
3226,15450000
3227,9800000
3228,27000000
3229,100570000
3230,8998798
3231,52487458
3232,6291240
3233,115000000
3234,38500000
3235,15245706
3236,57080700
3237,13500000
3238,6018539
3239,7275600
3240,10750000
3241,210276730
3242,90000000
3243,82000000
3244,30950680
3245,8931112
3246,50000000
3247,7039285
3248,35700000
3249,133844257
3250,53000000
3251,61231800
3252,190852541
3253,23687461
3254,198000000
3255,7827217
3256,13400000
3257,48990000
3258,34483737
3259,14406557
3260,28400000
3261,67500000
3262,11301120
3263,49590000
3264,8116101
3265,11499999
3266,175720000
3267,12749000
3268,12100000
3269,35900000
3270,21588296
3271,318000000
3272,11500000
3273,7478599
3274,21800000
3275,50000000
3276,12685259
3277,12450000
3278,6721941
3279,149000000
3280,12645976
3281,85000000
3282,26800000
3283,13600000
3284,139500000
3285,106040000
3286,17358500
3287,9902149
3288,19000000
3289,185000000
3290,15225910
3291,165259600
3292,45000000
3293,20000000
3294,11279868
3295,14103866
3296,5537208
3297,20254562
3298,17435251
3299,11490000
3300,68515736
3301,21999000
3302,27874860
3303,83000000
3304,43191050
3305,75000000
3306,50400000
3307,18950000
3308,15490000
3309,7913098
3310,10950000
3311,78000000
3312,23000000
3313,9849058
3314,46536187
3315,117444113
3316,17500000
3317,15200000
3318,10819963
3319,19990000
3320,174719632
3321,17000000
3322,85000000
3323,34500000
3324,10620000
3325,47580000
3326,21628464
3327,11900000
3328,80000000
3329,55500800
3330,25790527
3331,54000000
3332,150000000
3333,7876554
3334,49344000
3335,25790000
3336,130000000
3337,7900000
3338,20254562
3339,17950000
3340,11900000
3341,20617600
3342,36999999
3343,14500000
3344,26831160
3345,7200000
3346,7933682
3347,15711300
3348,7000000
3349,20700000
3350,50500000
3351,7832061
3352,14748760
3353,13500000
3354,22499235
3355,16200000
3356,8730900
3357,23132200
3358,9750000
3359,8386817
3360,21700000
3361,21000000
3362,19294524
3363,21628464
3364,8146740
3365,49355795
3366,125000000
3367,35830000
3368,42000000
3369,26300000
3370,5500000
3371,216819225
3372,16490000
3373,16999999
3374,45000000
3375,9800000
3376,73800000
3377,27900000
3378,11500000
3379,19000000
3380,15000000
3381,43991860
3382,126110000
3383,14050000
3384,23310120
3385,229559749
3386,10490000
3387,12200000
3388,26904506
3389,102000000
3390,45000000
3391,11950000
3392,41700000
3393,26600000
3394,62899371
3395,5996063
3396,57000000
3397,15990000
3398,126885354
3399,15180000
3400,15060297
3401,44212680
3402,110000000
3403,6496395
3404,6868611
3405,113000000
3406,35000000
3407,10900000
3408,7636439
3409,35114100
3410,161226900
3411,48828906
3412,63882266
3413,15500000
3414,12841489
3415,8384441
3416,74000000
3417,14800000
3418,58999991
3419,14147400
3420,28479420
3421,123000000
3422,16610000
3423,19990000
3424,28107000
3425,197000000
3426,24065284
3427,11500000
3428,21193759
3429,29000000
3430,24000000
3431,10000000
3432,15891089
3433,16500000
3434,7852883
3435,8296150
3436,70000000
3437,18042031
3438,27999000
3439,65024000
3440,9559174
3441,110761560
3442,35700000
3443,41500000
3444,29999000
3445,185000000
3446,9937960
3447,20010000
3448,32000000
3449,42974624
3450,39000000
3451,15497737
3452,23789694
3453,17800000
3454,217620480
3455,19990000
3456,20500000
3457,102804464
3458,52615000
3459,17974000
3460,23900000
3461,9238415
3462,85327348
3463,20990000
3464,11805850
3465,35000000
3466,33469830
3467,7348449
3468,19355220
3469,9425032
3470,45000000
3471,34268000
3472,19294524
3473,7493488
3474,9324360
3475,8739866
3476,150400000
3477,133260000
3478,143235400
3479,15805008
3480,39000000
3481,27044398
3482,86600000
3483,62000000
3484,200000000
3485,280000000
3486,45000000
3487,35000000
3488,103787040
3489,9366588
3490,75826330
3491,46900000
3492,13072251
3493,7312860
3494,6633000
3495,9605400
3496,29300000
3497,21000000
3498,135000000
3499,33000000
3500,53539200
3501,49344000
3502,39300000
3503,12630000
3504,175000000
3505,75000000
3506,16577500
3507,25000000
3508,5618737
3509,102000000
3510,5440000
3511,43550000
3512,74000000
3513,14287810
3514,14287810
3515,228800000
3516,110000000
3517,18288906
3518,17427800
3519,78100000
3520,90272890
3521,6980670
3522,13509421
3523,44342800
3524,154673167
3525,154673167
3526,83600000
3527,6923761
3528,13437867
3529,12204000
3530,183647799
3531,16500000
3532,75000000
3533,24990000
3534,9886516
3535,24397788
3536,26500000
3537,11900000
3538,15435805
3539,76332524
3540,103270572
3541,92254794
3542,10600000
3543,8276531
3544,6888884
3545,22630300
3546,19500000
3547,7604648
3548,51500000
3549,137903835
3550,10795459
3551,13000000
3552,10800800
3553,11085800
3554,78000000
3555,48000000
3556,86525811
3557,2890500
3558,36900000
3559,7210000
3560,66800000
3561,43382355
3562,48004650
3563,26904740
3564,12500000
3565,17700000
3566,7840000
3567,21800000
3568,54000000
3569,10300000
3570,21551919
3571,13499000
3572,12540783
3573,16003451
3574,18440000
3575,23689579
3576,10148272
3577,13064739
3578,24950000
3579,7969726
3580,11000000
3581,30018191
3582,32819999
3583,22706491
3584,7350000
3585,6988680
3586,8858345
3587,10700000
3588,12181200
3589,50500000
3590,70075997
3591,29000000
3592,17400000
3593,13346422
3594,29000000
3595,10540000
3596,21800000
3597,29689999
3598,50000000
3599,13128900
3600,140000000
3601,85000000
3602,9250000
3603,67500000
3604,23600000
3605,20176941
3606,59500000
3607,16000000
3608,70480640
3609,188111735
3610,8717121
3611,57000000
3612,38900000
3613,108500000
3614,33999999
3615,9349546
3616,98596200
3617,190852541
3618,33000000
3619,18085452
3620,9215000
3621,10899990
3622,72320000
3623,7659245
3624,14400000
3625,14300000
3626,64817232
3627,27500000
3628,72500000
3629,10674102
3630,43776822
3631,22191190
3632,22450259
3633,37000000
3634,14500000
3635,175000000
3636,11691800
3637,29900000
3638,5500000
3639,6779200
3640,110000000
3641,17042250
3642,19990000
3643,63000000
3644,140000000
3645,120000000
3646,72000000
3647,9000000
3648,127000000
3649,8500000
3650,11600000
3651,20380000
3652,41500000
3653,30579999
3654,104000000
3655,59990000
3656,11999000
3657,9215000
3658,9072500
3659,26908020
3660,17065160
3661,15500000
3662,102000000
3663,30373121
3664,49900000
3665,9628502
3666,16800000
3667,11878125
3668,22641520
3669,7015047
3670,9827449
3671,18500000
3672,49800000
3673,29201550
3674,18000000
3675,24802781
3676,325310000
3677,10092828
3678,13318245
3679,11000000
3680,6149198
3681,72732291
3682,33500000
3683,15125060
3684,6590000
3685,30579999
3686,6300000
3687,28500000
3688,25238132
3689,67490000
3690,8607587
3691,22800000
3692,14900000
3693,16663781
3694,28000000
3695,37500000
3696,7386090
3697,104000000
3698,22439606
3699,29365361
3700,24200000
3701,87988700
3702,6688500
3703,85000000
3704,36000000
3705,13000000
3706,12108104
3707,63000000
3708,14300000
3709,13984200
3710,10205966
3711,76500000
3712,14200000
3713,52000000
3714,7900000
3715,14544326
3716,9605546
3717,53127944
3718,8228864
3719,59000000
3720,13000000
3721,30370500
3722,37458276
3723,100000000
3724,11300000
3725,8358120
3726,9072631
3727,89000000
3728,66068500
3729,17858691
3730,10760000
3731,120000000
3732,12000000
3733,9733774
3734,12448080
3735,30190932
3736,27874860
3737,92000000
3738,25450000
3739,51900000
3740,27000000
3741,31727850
3742,12200000
3743,32500000
3744,130000000
3745,18890000
3746,16699000
3747,21640850
3748,9339507
3749,8700000
3750,30845885
3751,34400000
3752,101869488
3753,23500000
3754,10000000
3755,330000000
3756,11888000
3757,6400000
3758,8490435
3759,144320000
3760,14043555
3761,155000000
3762,14899000
3763,26904506
3764,21870420
3765,82230000
3766,162520646
3767,675280000
3768,32257350
3769,5711379
3770,15180000
3771,211194969
3772,9823251
3773,52000000
3774,61000000
3775,44325063
3776,150000000
3777,7073092
3778,17200000
3779,140000000
3780,11400000
3781,98069364
3782,21930000
3783,7772460
3784,6300000
3785,77826250
3786,22745000
3787,20883065
3788,9934091
3789,9587070
3790,266294737
3791,35000000
3792,27548010
3793,21000000
3794,34040319
3795,10659868
3796,18400000
3797,7409731
3798,265500000
3799,179056604
3800,27781716
3801,18250000
3802,17900000
3803,98000000
3804,7200000
3805,22760273
3806,259796500
3807,13700000
3808,37500000
3809,17500000
3810,8160000
3811,8350256
3812,175500000
3813,6102783
3814,50850148
3815,28000000
3816,106155484
3817,25145601
3818,10700000
3819,7645297
3820,26800000
3821,10500000
3822,154588500
3823,9900000
3824,13890314
3825,15500000
3826,160000000
3827,12500000
3828,15704757
3829,7073435
3830,16400000
3831,34163700
3832,26400000
3833,21996802
3834,32548000
3835,5807080
3836,8765032
3837,20600000
3838,15950000
3839,6302701
3840,126890000
3841,14500000
3842,12100000
3843,16950000
3844,24496800
3845,11200000
3846,9200000
3847,75000000
3848,30000000
3849,11598840
3850,26700000
3851,5570000
3852,7354330
3853,12500000
3854,7287871
3855,7358380
3856,6548099
3857,13150000
3858,61000000
3859,29990000
3860,5729149
3861,36563618
3862,5772320
3863,39128500
3864,40000000
3865,16144398
3866,55376370
3867,52990000
3868,6170341
3869,42564927
3870,26192380
3871,37935780
3872,8841719
3873,49037937
3874,219490000
3875,28324800
3876,137065006
3877,18824388
3878,78000000
3879,17200000
3880,23300000
3881,27990000
3882,88005360
3883,85000000
3884,14900000
3885,27500000
3886,78100000
3887,24065284
3888,10290000
3889,6155414
3890,37000000
3891,12915830
3892,21500000
3893,161000000
3894,7357816
3895,220900000
3896,8474495
3897,14417346
3898,8604980
3899,396942000
3900,73336860
3901,43000000
3902,19076728
3903,58500000
3904,14881217
3905,58301932
3906,49500000
3907,51902467
3908,7740033
3909,284654089
3910,25854582
3911,117500000
3912,33487226
3913,12000000
3914,68882300
3915,29201550
3916,26300000
3917,20100000
3918,20990000
3919,7640679
3920,36000000
3921,74990000
3922,36300000
3923,7450000
3924,10950000
3925,15950000
3926,18700000
3927,12232146
3928,11500000
3929,17500000
3930,153000000
3931,16500000
3932,179056604
3933,6461874
3934,348930819
3935,85000000
3936,55209558
3937,46000000
3938,13645193
3939,38352000
3940,44319340
3941,18950000
3942,151423615
3943,10950000
3944,24968813
3945,8354749
3946,50021400
3947,32000000
3948,19900000
3949,24950000
3950,33500000
3951,40121000
3952,24480086
3953,28000000
3954,63800000
3955,11000000
3956,51861544
3957,16483983
3958,13831050
3959,56000000
3960,10819963
3961,8160000
3962,169490000
3963,7461048
3964,12500000
3965,50356040
3966,6250000
3967,88000000
3968,12387916
3969,37315148
3970,11818000
3971,60000000
3972,9215000
3973,106051086
3974,19300000
3975,83891167
3976,9033725
3977,6300625
3978,110000000
3979,19000000
3980,60000000
3981,167000000
3982,7000000
3983,44392530
3984,7025052
3985,42000000
3986,23500000
3987,479871701
3988,13708620
3989,15798686
3990,7947350
3991,12700000
3992,20713585
3993,160420000
3994,11990000
3995,99700000
3996,7263979
3997,7432651
3998,6946602
3999,28300000
4000,66435201
4001,7988384
4002,30371301
4003,24219680
4004,23688838
4005,17768630
4006,14700000
4007,125000000
4008,19200000
4009,12200000
4010,12900000
4011,12600000
4012,10490000
4013,13000000
4014,11500000
4015,125530000
4016,120000000
4017,274158000
4018,8500000
4019,198000000
4020,31500000
4021,228800000
4022,73349304
4023,11088400
4024,125000000
4025,31500000
4026,14500000
4027,7795655
4028,10316000
4029,6663059
4030,160561500
4031,150760000
4032,81800000
4033,25708800
4034,7076283
4035,75000000
4036,79366820
4037,15650304
4038,20500000
4039,65000000
4040,115000000
4041,86856437
4042,13500000
4043,16065003
4044,49000000
4045,100000000
4046,11374947
4047,11499999
4048,6354374
4049,11372177
4050,8397700
4051,12500000
4052,63500000
4053,15900000
4054,118450000
4055,58120000
4056,26160960
4057,27000000
4058,7983736
4059,11000000
4060,77400000
4061,13499000
4062,13500000
4063,20000000
4064,126110000
4065,99000000
4066,26712168
4067,15497737
4068,13053600
4069,8999999
4070,15177380
4071,15225910
4072,12046650
4073,46536187
4074,10020267
4075,9480000
4076,115000000
4077,12915830
4078,51010000
4079,7490880
4080,12640000
4081,12046650
4082,96415094
4083,6825000
4084,50610000
4085,230000000
4086,8825098
4087,7450000
4088,17400000
4089,15000000
4090,6950000
4091,22000000
4092,17400000
4093,59990000
4094,8500000
4095,16990000
4096,246547171
4097,394842769
4098,5782840
4099,182240000
4100,43963768
4101,8360842
4102,89465815
4103,13700000
4104,18400000
4105,20367033
4106,112000000
4107,31500000
4108,22377265
4109,27350000
4110,80000000
4111,14497600
4112,96505794
4113,13900000
4114,29501209
4115,103777000
4116,73000000
4117,19000000
4118,150000000
4119,14500000
4120,17450000
4121,28058677
4122,8735915
4123,60000000
4124,118382160
4125,7315273
4126,80000000
4127,11300000
4128,28000000
4129,7823460
4130,18935023
4131,22158500
4132,55000000
4133,55000000
4134,22149999
4135,135000000
4136,7564932
4137,20367033
4138,12300000
4139,16679295
4140,120000000
4141,42000000
4142,204169561
4143,31500000
4144,46000000
4145,25159630
4146,16600000
4147,17500000
4148,22800000
4149,37000000
4150,8425170
4151,23300000
4152,15500000
4153,16698624
4154,14927656
4155,26905000
4156,31458120
4157,62000000
4158,11750000
4159,10268391
4160,16069405
4161,17350000
4162,7888908
4163,15253556
4164,15500000
4165,121970000
4166,12170437
4167,12000000
4168,5000000
4169,46560000
4170,6432965
4171,30000000
4172,14400000
4173,19500000
4174,5800000
4175,6175064
4176,99500000
4177,66900000
4178,10300000
4179,65061640
4180,15734835
4181,6008310
4182,16871275
4183,9271800
4184,73900000
4185,27999000
4186,47000000
4187,165000000
4188,23000000
4189,9750000
4190,70000000
4191,6924833
4192,73500000
4193,67480000
4194,24496800
4195,17858691
4196,80000000
4197,13509421
4198,22500000
4199,29506050
4200,84600000
4201,8520563
4202,13790000
4203,7745670
4204,21645206
4205,83665000
4206,14268741
4207,61000000
4208,9970971
4209,58149819
4210,23220500
4211,9100000
4212,143500000
4213,10795459
4214,35250000
4215,60000000
4216,67500000
4217,24776750
4218,16442196
4219,17377600
4220,14800000
4221,41409489
4222,19500000
4223,23240800
4224,16116000
4225,24760400
4226,99000000
4227,37200000
4228,31500000
4229,293836479
4230,120000000
4231,13072251
4232,4950000
4233,17000000
4234,30368919
4235,68000000
4236,47000000
4237,12400000
4238,22500000
4239,20078109
4240,44000000
4241,7467284
4242,17410625
4243,9053600
4244,36771606
4245,169900000
4246,41500000
4247,115000000
4248,66000000
4249,7866528
4250,8480682
4251,5954514
4252,9407924
4253,22990000
4254,10560107
4255,122657078
4256,72000000
4257,385000000
4258,55000000
4259,12990000
4260,15950000
4261,150000000
4262,30368919
4263,24802781
4264,18953124
4265,12300000
4266,79000000
4267,15500000
4268,35700000
4269,30019981
4270,71900000
4271,21200000
4272,16000000
4273,21300000
4274,9278729
4275,12300000
4276,41670000
4277,6809732
4278,199000000
4279,63627700
4280,6938400
4281,150000000
4282,8104390
4283,29500000
4284,30016700
4285,14915152
4286,6573172
4287,18194057
4288,17004185
4289,49781944
4290,54131400
4291,147241000
4292,12341000
4293,12699000
4294,15450000
4295,10300000
4296,12400000
4297,74950000
4298,170000000
4299,68000000
4300,19000000
4301,23490000
4302,70980273
4303,15988614
4304,63700000
4305,10365763
4306,38980800
4307,17500008
4308,10540000
4309,25880400
4310,13462828
4311,33685850
4312,18000000
4313,18115930
4314,30572222
4315,73144002
4316,101639382
4317,7245894
4318,27839000
4319,38300000
4320,7085446
4321,39746265
4322,57500000
4323,18140217
4324,54800000
4325,28488606
4326,226612100
4327,10800000
4328,23232000
4329,10965433
4330,14943526
4331,159473684
4332,30950680
4333,7364042
4334,17625960
4335,8287499
4336,79900000
4337,52000000
4338,20391226
4339,7900680
4340,5589983
4341,24292950
4342,6854250
4343,240000000
4344,5850000
4345,26884361
4346,18500000
4347,16784866
4348,14650000
4349,7813973
4350,60448000
4351,104900000
4352,55000000
4353,54000000
4354,39999800
4355,12000000
4356,7220000
4357,6990000
4358,45417456
4359,6179940
4360,42000000
4361,105947280
4362,63976142
4363,9562597
4364,7339312
4365,9200000
4366,250000000
4367,17100750
4368,12500000
4369,6067947
4370,15711300
4371,16300000
4372,96000000
4373,38000000
4374,7136403
4375,9000000
4376,11967571
4377,23699100
4378,29000000
4379,10138266
4380,73500000
4381,13150000
4382,99000000
4383,6582353
4384,66500000
4385,14500000
4386,16990000
4387,10700000
4388,19805591
4389,23500000
4390,7849496
4391,12595205
4392,12500000
4393,61950000
4394,98000000
4395,7780323
4396,11000000
4397,250000000
4398,12300000
4399,15961450
4400,55376370
4401,114911021
4402,14400000
4403,99000000
4404,147298952
4405,7625093
4406,39950000
4407,53127944
4408,7035788
4409,17990000
4410,6039600
4411,7586954
4412,17500000
4413,85000000
4414,72320000
4415,21284173
4416,12970000
4417,209622000
4418,51924330
4419,14563914
4420,45900000
4421,160420000
4422,19500000
4423,31389618
4424,77070007
4425,87400000
4426,134000000
4427,16950000
4428,8391048
4429,36000000
4430,5969000
4431,7909957
4432,115000000
4433,15701069
4434,12190000
4435,16500000
4436,51000000
4437,7696982
4438,39990000
4439,140990000
4440,11600000
4441,41500000
4442,5997961
4443,13299585
4444,14437500
4445,5482343
4446,10500000
4447,307610064
4448,72843360
4449,20300000
4450,82228524
4451,120000000
4452,46000000
4453,214430000
4454,8733791
4455,48490000
4456,6510402
4457,21268920
4458,80000000
4459,35462120
4460,11206500
4461,39500000
4462,10650000
4463,42000000
4464,127451573
4465,9000000
4466,48204097
4467,9100000
4468,8088409
4469,60000000
4470,6200000
4471,58000000
4472,23500000
4473,52982994
4474,65000000
4475,9945753
4476,34516597
4477,17690000
4478,50000000
4479,48500000
4480,10800000
4481,18111750
4482,47000000
4483,13705200
4484,6703200
4485,75500000
4486,13500000
4487,8864946
4488,51625055
4489,22900000
4490,7644529
4491,15500000
4492,6997188
4493,121800000
4494,18700000
4495,8755033
4496,7400538
4497,23432905
4498,59990000
4499,10800000
4500,118729000
4501,6150000
4502,6702120
4503,16698624
4504,18058740
4505,15900000
4506,7776586
4507,25537891
4508,348930819
4509,61000000
4510,29490500
4511,183647799
4512,12000000
4513,76207327
4514,38918880
4515,7908155
4516,27500000
4517,75000000
4518,79000000
4519,32000000
4520,12000000
4521,76000000
4522,22000000
4523,7321593
4524,11900000
4525,38030515
4526,12934260
4527,27500000
4528,7327459
4529,9990000
4530,79000000
4531,16047986
4532,42000000
4533,68000000
4534,65000000
4535,72000000
4536,110898600
4537,59000000
4538,39500000
4539,72000000
4540,12700000
4541,8670000
4542,9755689
4543,9500000
4544,73984080
4545,20348929
4546,28250000
4547,39599000
4548,12200000
4549,40755520
4550,142440000
4551,73819072
4552,6632431
4553,95000000
4554,25000000
4555,69000000
4556,51840000
4557,48000000
4558,43500000
4559,12760517
4560,25362800
4561,7445290
4562,10203022
4563,7549265
4564,15335400
4565,9200000
4566,7499999
4567,23990000
4568,12290000
4569,40475317
4570,6883200
4571,46341099
4572,68572500
4573,6274562
4574,11700000
4575,112630000
4576,14400000
4577,140900000
4578,120000000
4579,24700000
4580,7253715
4581,6270772
4582,20611500
4583,9850000
4584,23000000
4585,10250000
4586,88894735
4587,84018868
4588,17137080
4589,82000000
4590,110000000
4591,7729915
4592,84000000
4593,23205492
4594,299000000
4595,14105020
4596,31536000
4597,87461600
4598,53000000
4599,6363885
4600,145081761
4601,13578463
4602,12645398
4603,19198200
4604,7433300
4605,45957500
4606,95000000
4607,21500000
4608,18554570
4609,6228100
4610,5400000
4611,125000000
4612,19203540
4613,14700000
4614,25500000
4615,9484740
4616,8500000
4617,41000000
4618,8352129
4619,25000000
4620,16900000
4621,11435900
4622,5523002
4623,15600000
4624,35000000
4625,19513200
4626,8932053
4627,20633007
4628,6931725
4629,15990000
4630,67000000
4631,12306411
4632,4600000
4633,7574648
4634,22902230
4635,109000000
4636,13797977
4637,69000000
4638,12300000
4639,19500000
4640,7717500
4641,11000000
4642,183000000
4643,68000000
4644,117320000
4645,17295455
4646,49030000
4647,16400000
4648,91168344
4649,360760000
4650,105000000
4651,23600000
4652,131221490
4653,7734263
4654,10008742
4655,16601400
4656,56682000
4657,41859200
4658,6751601
4659,21066679
4660,10257500
4661,139999900
4662,29955305
4663,6286342
4664,120000000
4665,16336845
4666,115000000
4667,7242636
4668,10687800
4669,23140963
4670,12700000
4671,29303700
4672,54000000
4673,9697530
4674,30600000
4675,10700000
4676,8554300
4677,63000000
4678,36260790
4679,34400000
4680,78039000
4681,7600198
4682,107878970
4683,33500000
4684,18000000
4685,170000000
4686,293836479
4687,160000000
4688,85000000
4689,7914937
4690,44900000
4691,39969250
4692,13578463
4693,17500000
4694,75000000
4695,9072500
4696,146250000
4697,17907120
4698,99000000
4699,231523500
4700,11800000
4701,110000000
4702,159808000
4703,7560583
4704,11231934
4705,14245593
4706,119898000
4707,46000000
4708,293836479
4709,7500000
4710,9752456
4711,33585500
4712,72490000
4713,69800000
4714,15962327
4715,18500000
4716,23650000
4717,20400000
4718,30572222
4719,66618396
4720,84000000
4721,12290000
4722,15308035
4723,15290000
4724,22943200
4725,55500800
4726,67000000
4727,24524600
4728,101797752
4729,9135200
4730,5500000
4731,17900000
4732,15000000
4733,11900000
4734,13831050
4735,19000000
4736,57000000
4737,215000000
4738,13462828
4739,7965874
4740,68867924
4741,20176941
4742,14698877
4743,8500000
4744,5885300
4745,60000000
4746,30150018
4747,70462545
4748,6182053
4749,107900000
4750,29500000
4751,8532216
4752,71500000
4753,11000000
4754,31000000
4755,22990000
4756,159000000
4757,16900000
4758,23981169
4759,12700000
4760,7360483
4761,15600000
4762,89999999
4763,33462250
4764,16600000
4765,23000000
4766,15500000
4767,6988800
4768,85645820
4769,94392000
4770,9177245
4771,7498080
4772,10929176
4773,432894993
4774,12500000
4775,11598840
4776,58000000
4777,5980458
4778,14900000
4779,6990000
4780,64000000
4781,6724692
4782,14090000
4783,46900000
4784,25667019
4785,120000000
4786,196834000
4787,8900000
4788,60780795
4789,250000000
4790,84600000
4791,10211121
4792,75103085
4793,183834633
4794,21290640
4795,11500000
4796,6507900
4797,8474481
4798,33887819
4799,16699000
4800,61555609
4801,13140000
4802,29206523
4803,7000000
4804,214999900
4805,34500000
4806,117444113
4807,9414330
4808,199000000
4809,45686253
4810,20500000
4811,95000000
4812,16500000
4813,215000000
4814,14800000
4815,23972613
4816,25870000
4817,50000000
4818,37500000
4819,11496421
4820,165000000
4821,27800000
4822,35647500
4823,12100000
4824,42280840
4825,33000000
4826,19796539
4827,68000000
4828,29621200
4829,140000000
4830,66000000
4831,103270572
4832,6059193
4833,111999000
4834,17499000
4835,9120000
4836,80000000
4837,50382223
4838,53999000
4839,14400000
4840,91873800
4841,26068147
4842,108840710
4843,6487410
4844,5200000
4845,7346947
4846,183647799
4847,17432125
4848,95000000
4849,67499000
4850,13500000
4851,17600000
4852,17974000
4853,16442196
4854,8500000
4855,14600000
4856,95000000
4857,16600000
4858,75000000
4859,34868700
4860,18862116
4861,10438575
4862,10300000
4863,14900000
4864,35000000
4865,97500000
4866,39509400
4867,37000000
4868,12450000
4869,11000000
4870,19302826
4871,17400000
4872,49733920
4873,30700000
4874,5642243
4875,6793696
4876,63000000
4877,219580001
4878,32000000
4879,45000000
4880,20054460
4881,15750000
4882,97164350
4883,12754870
4884,13790000
4885,19000000
