,Unnamed: 0,price
1325,1325,46000000
1466,1466,28000000
3355,3355,16200000
3764,3764,21870420
87,87,10490000
4720,4720,84000000
2648,2648,95195600
2786,2786,8664146
1673,1673,114000000
2204,2204,40753590
3663,3663,30373121
193,193,39050875
2655,2655,188750000
4865,4865,97500000
1570,1570,200000000
4027,4027,7795655
2482,2482,24600000
159,159,130863000
3951,3951,40121000
1582,1582,44000000
3037,3037,22500000
3190,3190,243000000
4390,4390,7849496
1366,1366,18753288
4100,4100,43963768
3755,3755,330000000
1391,1391,17200000
3020,3020,23500000
2904,2904,20000000
1455,1455,20577230
2078,2078,38795156
4606,4606,95000000
3312,3312,23000000
2080,2080,115000000
4195,4195,17858691
1062,1062,10879110
4490,4490,7644529
2443,2443,20195396
441,441,29700000
848,848,66895224
2997,2997,8495100
265,265,250000000
439,439,12300000
3329,3329,55500800
4332,4332,30950680
2687,2687,20000000
4013,4013,13000000
1106,1106,7320992
2552,2552,22000000
1622,1622,49000000
1598,1598,136000000
2117,2117,26000000
2577,2577,17550000
446,446,29000000
2912,2912,30000000
2102,2102,13000000
2938,2938,6900000
3278,3278,6721941
4057,4057,27000000
1481,1481,7106326
4256,4256,72000000
40,40,115000000
1808,1808,119922417
3954,3954,63800000
3525,3525,154673167
878,878,20000000
85,85,14800000
3586,3586,8858345
3568,3568,54000000
1612,1612,23000000
3919,3919,7640679
1685,1685,16275573
1623,1623,17700000
3530,3530,183647799
3492,3492,13072251
386,386,10560107
3293,3293,20000000
3357,3357,23132200
2303,2303,25000000
4451,4451,120000000
3053,3053,55000000
3244,3244,30950680
3031,3031,10121440
3799,3799,179056604
2889,2889,128629930
546,546,27900000
1422,1422,9445763
2156,2156,16936650
680,680,70057260
3427,3427,11500000
1308,1308,24900000
1203,1203,24674179
1803,1803,54997550
892,892,202012579
2317,2317,185000000
2420,2420,7532194
3465,3465,35000000
1910,1910,24397788
2428,2428,10860000
4397,4397,250000000
3526,3526,83600000
2964,2964,29000000
2061,2061,11206500
1353,1353,8754619
4588,4588,17137080
284,284,8883284
3146,3146,9240550
4640,4640,7717500
53,53,11697503
949,949,21500000
3930,3930,153000000
151,151,150206875
2178,2178,12800000
869,869,32107152
2041,2041,11300000
3374,3374,45000000
4701,4701,110000000
1522,1522,16400000
2893,2893,25184649
4324,4324,54800000
4392,4392,12500000
3853,3853,12500000
4334,4334,17625960
295,295,11200000
818,818,13999999
1562,1562,76200000
3009,3009,19500000
3563,3563,26904740
165,165,30500000
1607,1607,68000000
969,969,5200000
2064,2064,17200000
3757,3757,6400000
2321,2321,13450000
2043,2043,46341099
1137,1137,20700000
2105,2105,7447813
13,13,22800000
4756,4756,159000000
3670,3670,9827449
1024,1024,9800000
2678,2678,160000000
2803,2803,14100000
3756,3756,11888000
2407,2407,34080444
3987,3987,479871701
347,347,11600000
1519,1519,12500000
1221,1221,17100000
1162,1162,8089171
881,881,44259823
3515,3515,228800000
183,183,34000000
4770,4770,9177245
1949,1949,11730000
4662,4662,29955305
817,817,8175369
2322,2322,31610675
1053,1053,6282792
2104,2104,14500000
4482,4482,47000000
2830,2830,10267025
1960,1960,23000000
126,126,40900000
1488,1488,62000000
3753,3753,23500000
1755,1755,190000000
2518,2518,8613218
4791,4791,10211121
2202,2202,25848790
1302,1302,9969687
2256,2256,32950000
1641,1641,26700000
844,844,16500000
2974,2974,21066679
1294,1294,20607783
202,202,7245002
2208,2208,29950000
171,171,23300000
2686,2686,76752000
1672,1672,39372318
3234,3234,38500000
2155,2155,7482996
1536,1536,40033063
2269,2269,9500000
967,967,93000000
4285,4285,14915152
639,639,14612749
2765,2765,119836839
4805,4805,34500000
1439,1439,11700000
4714,4714,15962327
1703,1703,29990000
1708,1708,65000000
2906,2906,6370000
261,261,14500000
4742,4742,14698877
264,264,22191190
4049,4049,11372177
4866,4866,39509400
979,979,7104369
783,783,26093185
4454,4454,8733791
2763,2763,12300000
4462,4462,10650000
3546,3546,19500000
663,663,150000000
724,724,135726846
4464,4464,127451573
3054,3054,30000000
2677,2677,31926479
4673,4673,9697530
2562,2562,41021245
150,150,22000000
209,209,243250000
3543,3543,8276531
2744,2744,13400000
3123,3123,35000000
3458,3458,52615000
2252,2252,44000000
3831,3831,34163700
810,810,35104400
4752,4752,71500000
114,114,54000000
1874,1874,14808337
1413,1413,23132200
1688,1688,17900000
981,981,6985647
4212,4212,143500000
3069,3069,21551919
2453,2453,215000000
3963,3963,7461048
1757,1757,10005152
4380,4380,73500000
3275,3275,50000000
3241,3241,210276730
764,764,296485000
3140,3140,8128776
1430,1430,13400000
2719,2719,14682947
3030,3030,17200000
4403,4403,99000000
2545,2545,13491224
271,271,15450000
1728,1728,7670656
217,217,10500000
930,930,50980000
2172,2172,46113210
3068,3068,175720000
2020,2020,45403179
2573,2573,35553614
2335,2335,27900000
4693,4693,17500000
1314,1314,12640500
615,615,90000000
4074,4074,10020267
3479,3479,15805008
1065,1065,15962327
3631,3631,22191190
4498,4498,59990000
1056,1056,16200000
3527,3527,6923761
3581,3581,30018191
3647,3647,9000000
426,426,10073354
2449,2449,5600000
119,119,13645193
4496,4496,7400538
3725,3725,8358120
2355,2355,149000000
3774,3774,61000000
1070,1070,17700000
4641,4641,11000000
4279,4279,63627700
574,574,29641732
1954,1954,19500000
1516,1516,98000000
4666,4666,115000000
3277,3277,12450000
1388,1388,28798635
570,570,6843739
1132,1132,7954114
1487,1487,20000000
1575,1575,138750000
4463,4463,42000000
1426,1426,108000000
335,335,9696622
1174,1174,16950000
1085,1085,14777586
3897,3897,14417346
2878,2878,97192833
3824,3824,13890314
4340,4340,5589983
3128,3128,8873144
944,944,17960468
2881,2881,8251917
815,815,6370000
2382,2382,21000000
4427,4427,16950000
1244,1244,135000000
1274,1274,20000000
3520,3520,90272890
3222,3222,14887154
1862,1862,34812009
3872,3872,8841719
1898,1898,115000000
1538,1538,142000000
2188,2188,250000000
3471,3471,34268000
1998,1998,66490000
4638,4638,12300000
4698,4698,99000000
851,851,18900000
2828,2828,42845675
1406,1406,20495970
2809,2809,135000000
2962,2962,20000000
3582,3582,32819999
2340,2340,19900000
1364,1364,209000000
3421,3421,123000000
3800,3800,27781716
4123,4123,60000000
2971,2971,17130517
834,834,10900000
1512,1512,133844257
2846,2846,11496421
2242,2242,11008338
4782,4782,14090000
3169,3169,7481812
1599,1599,9000000
3590,3590,70075997
2368,2368,27455520
58,58,5664341
134,134,120587020
3572,3572,12540783
51,51,62000000
1226,1226,20600000
4488,4488,51625055
3287,3287,9902149
3327,3327,11900000
899,899,19544281
4480,4480,10800000
1125,1125,15414718
4820,4820,165000000
3834,3834,32548000
1995,1995,15523613
2813,2813,14550000
1026,1026,14729880
1909,1909,8960589
1939,1939,5701491
1902,1902,136520000
2473,2473,29613037
772,772,243000000
678,678,48500000
2301,2301,66960000
3531,3531,16500000
3983,3983,44392530
4506,4506,7776586
4263,4263,24802781
3391,3391,11950000
2403,2403,9122157
3861,3861,36563618
2132,2132,7890000
3271,3271,318000000
4591,4591,7729915
3767,3767,675280000
1101,1101,20910960
1656,1656,31500000
4364,4364,7339312
4234,4234,30368919
4421,4421,160420000
4619,4619,25000000
394,394,183647799
314,314,16990000
400,400,58000000
4225,4225,24760400
4208,4208,9970971
3267,3267,12749000
845,845,35121475
1061,1061,49000000
127,127,11490000
513,513,28740496
3328,3328,80000000
324,324,26500000
1747,1747,17858691
1373,1373,34149478
4265,4265,12300000
3642,3642,19990000
4550,4550,142440000
4241,4241,7467284
304,304,95850000
879,879,290000000
4586,4586,88894735
3090,3090,65200000
221,221,44392530
169,169,53892000
3356,3356,8730900
4817,4817,50000000
1015,1015,14500000
3910,3910,25854582
3063,3063,150000000
3015,3015,22465666
852,852,38187900
1058,1058,60000000
4420,4420,45900000
819,819,9419190
2362,2362,27000000
3130,3130,88184700
4630,4630,67000000
4651,4651,23600000
2693,2693,8320000
2337,2337,55000000
3242,3242,90000000
3690,3690,8607587
3977,3977,6300625
4831,4831,103270572
4224,4224,16116000
4869,4869,11000000
2542,2542,7057670
3878,3878,78000000
3250,3250,53000000
3103,3103,96287120
2594,2594,57566724
3692,3692,14900000
2683,2683,185848441
2981,2981,11843661
82,82,15990000
48,48,16587074
774,774,58000000
3716,3716,9605546
1347,1347,26509404
1269,1269,20174859
2900,2900,65000000
3618,3618,33000000
4098,4098,5782840
2314,2314,35500000
425,425,6900000
3281,3281,85000000
999,999,24070000
965,965,27000000
3528,3528,13437867
713,713,8744632
3214,3214,18900000
496,496,18648850
751,751,218430000
1962,1962,17700000
1797,1797,120000000
510,510,199000000
3783,3783,7772460
3788,3788,9934091
3896,3896,8474495
1558,1558,6832024
4106,4106,112000000
2921,2921,13208000
1696,1696,9997455
4575,4575,112630000
1515,1515,33851500
3441,3441,110761560
548,548,54890000
2068,2068,21941564
3092,3092,35000000
3698,3698,22439606
2059,2059,14899000
460,460,27957272
945,945,20500000
597,597,42704692
3416,3416,74000000
1469,1469,85000000
1980,1980,28058677
1945,1945,16845032
1027,1027,82000000
57,57,30064020
3097,3097,73350000
4135,4135,135000000
3656,3656,11999000
205,205,18500000
575,575,73000000
3236,3236,57080700
3630,3630,43776822
10,10,89010000
4754,4754,31000000
1397,1397,51800000
2508,2508,72500000
3941,3941,18950000
1407,1407,9760299
1707,1707,19500000
4365,4365,9200000
1030,1030,32674530
2389,2389,159355500
3804,3804,7200000
2663,2663,17800000
1120,1120,59384010
4654,4654,10008742
2546,2546,15171780
1110,1110,6187537
4254,4254,10560107
2344,2344,9822241
2871,2871,14100000
2057,2057,13500000
3864,3864,40000000
3084,3084,8697036
3179,3179,20005137
3166,3166,56000000
2190,2190,22208503
2633,2633,9900000
3689,3689,67490000
1328,1328,234583016
2718,2718,16999000
596,596,61000000
558,558,33366060
403,403,12000000
216,216,105597484
1711,1711,12204000
2194,2194,7499676
331,331,300000000
2084,2084,68867924
1812,1812,14800000
3300,3300,68515736
4139,4139,16679295
4843,4843,6487410
3232,3232,6291240
278,278,28109700
73,73,40000000
624,624,16275573
626,626,119371069
489,489,70223810
3272,3272,11500000
4741,4741,20176941
2414,2414,60000000
3748,3748,9339507
4031,4031,150760000
4792,4792,75103085
4882,4882,97164350
3315,3315,117444113
4165,4165,121970000
1169,1169,20577230
2263,2263,24500000
3480,3480,39000000
856,856,9109030
4453,4453,214430000
691,691,6600000
3259,3259,14406557
4072,4072,12046650
4671,4671,29303700
4128,4128,28000000
3794,3794,34040319
3283,3283,13600000
3311,3311,78000000
219,219,11698416
2544,2544,7290000
467,467,19500000
2676,2676,6721716
4700,4700,11800000
243,243,7249481
1858,1858,75000000
4624,4624,35000000
3870,3870,26192380
894,894,7185491
1947,1947,75918250
1896,1896,24000000
701,701,10218540
2831,2831,123000000
379,379,110000000
4102,4102,89465815
287,287,10650000
3115,3115,21586085
494,494,33325847
1473,1473,126110000
1007,1007,24500000
289,289,32544000
2731,2731,11900000
4411,4411,7586954
1322,1322,8323928
4515,4515,7908155
2931,2931,28014688
1913,1913,10990000
4784,4784,25667019
1261,1261,23300000
3937,3937,46000000
90,90,149258558
2228,2228,13800000
2960,2960,28000000
1729,1729,6755400
424,424,41822550
1321,1321,7456918
1530,1530,14800000
3838,3838,15950000
4449,4449,20300000
191,191,73016000
179,179,13650000
192,192,45000000
162,162,19796539
3316,3316,17500000
44,44,130000000
3517,3517,18288906
3985,3985,42000000
2143,2143,17600000
1272,1272,52500000
3640,3640,110000000
2503,2503,38000000
4652,4652,131221490
1506,1506,7624876
2146,2146,17500000
3659,3659,26908020
4393,4393,61950000
4691,4691,39969250
2869,2869,12900000
720,720,8700000
3264,3264,8116101
985,985,12550000
2229,2229,25900000
2271,2271,155350000
2783,2783,13215719
3204,3204,14950000
2537,2537,12000000
4542,4542,9755689
1659,1659,22691340
2022,2022,84714335
286,286,10872765
613,613,8750518
2638,2638,150206875
3475,3475,8739866
4612,4612,19203540
527,527,7263755
3849,3849,11598840
821,821,18000000
4749,4749,107900000
3261,3261,67500000
4043,4043,16065003
2436,2436,24619349
753,753,17444160
189,189,8880000
3484,3484,200000000
4354,4354,39999800
4643,4643,68000000
3595,3595,10540000
3681,3681,72732291
2076,2076,41500000
995,995,20000000
391,391,243000000
630,630,75000000
676,676,85000000
3545,3545,22630300
1855,1855,290000000
1965,1965,175400000
228,228,6497187
1277,1277,66000000
2054,2054,37237200
1511,1511,7584663
1974,1974,59900000
1118,1118,59000000
2320,2320,19300000
3820,3820,26800000
2841,2841,17000000
2570,2570,19787991
808,808,16400000
1921,1921,13400000
1303,1303,6298097
4529,4529,9990000
1355,1355,5813470
1563,1563,63000000
868,868,60251280
1177,1177,18300000
2815,2815,10760000
70,70,15509395
793,793,8128776
1485,1485,28306573
1591,1591,24000000
2674,2674,20500000
2696,2696,13500000
3057,3057,37000000
812,812,24900000
3257,3257,48990000
4083,4083,6825000
3884,3884,14900000
451,451,11450000
1926,1926,26738605
1291,1291,11700000
769,769,10085525
1749,1749,160420000
2947,2947,18999500
1936,1936,20990000
2760,2760,19500000
36,36,114200061
2762,2762,80000000
1310,1310,103840000
2363,2363,16900000
765,765,15613500
3610,3610,8717121
3415,3415,8384441
4143,4143,31500000
3055,3055,17900000
3386,3386,10490000
492,492,10541750
3790,3790,266294737
4249,4249,7866528
3134,3134,130000000
4426,4426,134000000
4115,4115,103777000
557,557,28490400
4379,4379,10138266
1477,1477,12000000
4400,4400,55376370
2161,2161,135000000
1713,1713,20990000
4042,4042,13500000
2826,2826,17960000
1603,1603,9215000
3161,3161,24740430
857,857,61300000
4063,4063,20000000
689,689,27999000
1589,1589,56000000
4838,4838,53999000
3459,3459,17974000
2886,2886,105000000
1476,1476,25400000
2538,2538,11500000
4620,4620,16900000
1116,1116,93774964
2507,2507,165000000
1435,1435,23954676
775,775,8450000
2212,2212,22500000
429,429,12062397
2654,2654,57000000
1668,1668,29035311
3521,3521,6980670
3012,3012,33980000
2992,2992,32000000
1175,1175,20600000
4771,4771,7498080
1524,1524,7866976
4528,4528,7327459
3571,3571,13499000
1293,1293,14000000
2469,2469,14143786
2532,2532,22702148
955,955,41670000
3137,3137,16926660
4067,4067,15497737
643,643,58500000
4342,4342,6854250
144,144,47099900
1463,1463,45000000
2916,2916,20391226
4570,4570,6883200
4471,4471,58000000
291,291,27000000
4175,4175,6175064
1664,1664,27738644
1387,1387,8969478
320,320,12500000
1773,1773,94390000
3505,3505,75000000
3124,3124,12300000
1781,1781,30122632
4800,4800,61555609
130,130,133560000
849,849,6129874
4298,4298,170000000
2324,2324,10500000
977,977,30150018
4789,4789,250000000
2323,2323,9322460
1991,1991,15904625
1363,1363,75000000
3289,3289,185000000
3811,3811,8350256
2237,2237,146680371
3944,3944,24968813
1421,1421,18467803
2125,2125,72300000
2006,2006,19612821
2388,2388,94590011
2522,2522,22100000
1867,1867,19503120
735,735,20000000
804,804,22500000
1022,1022,5377803
1674,1674,12700000
234,234,128553459
3845,3845,11200000
1632,1632,230000000
4283,4283,29500000
4002,4002,30371301
4155,4155,26905000
1457,1457,13133050
779,779,19900000
3495,3495,9605400
3301,3301,21999000
4118,4118,150000000
2950,2950,82847730
3472,3472,19294524
4604,4604,7433300
1491,1491,11000000
4554,4554,25000000
4071,4071,15225910
423,423,17700000
2541,2541,7523506
3158,3158,46000000
2751,2751,7424176
2124,2124,130000000
2642,2642,35000000
3088,3088,13499000
3266,3266,175720000
1396,1396,9221092
339,339,15084530
3176,3176,15683202
2735,2735,105000000
1854,1854,29176228
1149,1149,11600000
1543,1543,149258558
3380,3380,15000000
1250,1250,23852901
3363,3363,21628464
576,576,27000000
517,517,103840000
607,607,102000000
1751,1751,277800000
1785,1785,7050296
22,22,23954676
3212,3212,107526900
3915,3915,29201550
2431,2431,9414330
4140,4140,120000000
1816,1816,125000000
3237,3237,13500000
4197,4197,13509421
2888,2888,10674102
4213,4213,10795459
1484,1484,45900000
2195,2195,13500000
401,401,183000000
515,515,23500000
776,776,175400000
968,968,51000000
2474,2474,7470140
3544,3544,6888884
2665,2665,11999000
4565,4565,9200000
598,598,10500000
2660,2660,95000000
1313,1313,32610600
1357,1357,101006289
2378,2378,21193759
4014,4014,11500000
3556,3556,86525811
902,902,33948458
1743,1743,8460359
3453,3453,17800000
4430,4430,5969000
3284,3284,139500000
4553,4553,95000000
1014,1014,26906628
2250,2250,89900000
4755,4755,22990000
1382,1382,24500000
2973,2973,17400000
402,402,69818660
3553,3553,11085800
3902,3902,19076728
3921,3921,74990000
3260,3260,28400000
4796,4796,6507900
2845,2845,14817000
3552,3552,10800800
4357,4357,6990000
4633,4633,7574648
1999,1999,10500000
2114,2114,14000000
3286,3286,17358500
922,922,164640000
14,14,13509421
2529,2529,9278057
3918,3918,20990000
1054,1054,15700000
3478,3478,143235400
622,622,50869000
1478,1478,15900000
3687,3687,28500000
2375,2375,20919295
77,77,56500000
236,236,14500000
4751,4751,8532216
473,473,13936853
1978,1978,14528367
3164,3164,26380959
2432,2432,8788950
4712,4712,72490000
4148,4148,22800000
4056,4056,26160960
3634,3634,14500000
1016,1016,6300000
1691,1691,114896056
2374,2374,66490000
3076,3076,12950000
3273,3273,7478599
740,740,49344000
3095,3095,18250000
3438,3438,27999000
3541,3541,92254794
4202,4202,13790000
4414,4414,72320000
2028,2028,7133080
406,406,29900000
1354,1354,7722612
629,629,18801719
4440,4440,11600000
1903,1903,210056000
3548,3548,51500000
352,352,8489362
1283,1283,14097355
4450,4450,82228524
4089,4089,15000000
1218,1218,7324337
2042,2042,199000000
2697,2697,7064710
544,544,59000000
124,124,18990000
3998,3998,6946602
2837,2837,83000000
535,535,8510156
1046,1046,29955305
741,741,209622000
2345,2345,8900000
1928,1928,13850000
2197,2197,229559749
50,50,74027567
4511,4511,183647799
1284,1284,79000000
3066,3066,16900000
3942,3942,151423615
773,773,94000000
3924,3924,10950000
688,688,44000000
4161,4161,17350000
3191,3191,60000000
4632,4632,4600000
533,533,19755994
4070,4070,15177380
3752,3752,101869488
733,733,15500000
2914,2914,16500000
4797,4797,8474481
2220,2220,63627700
2896,2896,32610600
2995,2995,12499000
3819,3819,7645297
4401,4401,114911021
2734,2734,68504310
1086,1086,11800000
1914,1914,19600000
1875,1875,7262402
1523,1523,47592976
3417,3417,14800000
4437,4437,7696982
74,74,10899637
2221,2221,25184168
387,387,8150568
1122,1122,46000000
4448,4448,72843360
30,30,12950000
1733,1733,202012579
2714,2714,16232418
3936,3936,55209558
3450,3450,39000000
4769,4769,94392000
671,671,69000000
1905,1905,22892724
3604,3604,23600000
3972,3972,9215000
1402,1402,70480640
3443,3443,41500000
4707,4707,46000000
780,780,8968750
4484,4484,6703200
2743,2743,19789000
551,551,12500000
3227,3227,9800000
3382,3382,126110000
2736,2736,8590000
2661,2661,31950000
1839,1839,13874404
4858,4858,75000000
3120,3120,39000000
1051,1051,21870420
1138,1138,27429037
3883,3883,85000000
2880,2880,20789040
3303,3303,83000000
4369,4369,6067947
4233,4233,17000000
1178,1178,12005280
737,737,40548808
2959,2959,104500000
3056,3056,14042883
2821,2821,6548400
888,888,10150000
1952,1952,253431847
803,803,46910472
4228,4228,31500000
140,140,8977500
385,385,118214224
1446,1446,16300000
399,399,235000000
4023,4023,11088400
1993,1993,79000000
858,858,35242500
2027,2027,58000000
1152,1152,21289999
4171,4171,30000000
4657,4657,41859200
3781,3781,98069364
4061,4061,13499000
3566,3566,7840000
1775,1775,137277114
293,293,20268062
2009,2009,290000000
3881,3881,27990000
763,763,6175064
2184,2184,14999000
4404,4404,147298952
4772,4772,10929176
1006,1006,35654210
2944,2944,36176520
4105,4105,20367033
4628,4628,6931725
1765,1765,35000000
3011,3011,13990000
4743,4743,8500000
1832,1832,14700000
417,417,48000000
4142,4142,204169561
1287,1287,52900000
3149,3149,17000000
3383,3383,14050000
95,95,88000000
4768,4768,85645820
4816,4816,25870000
2612,2612,12500000
2176,2176,23687461
3213,3213,24450000
3499,3499,33000000
3324,3324,10620000
1309,1309,15094293
3378,3378,11500000
3981,3981,167000000
4725,4725,55500800
3083,3083,7361640
1356,1356,9215000
1099,1099,5911217
8,8,9900000
4483,4483,13705200
1468,1468,8892000
3254,3254,198000000
565,565,8564158
1319,1319,59500000
4147,4147,17500000
3181,3181,6700000
1590,1590,12181200
2339,2339,14900000
4286,4286,6573172
3049,3049,49933800
789,789,63000000
4576,4576,14400000
1042,1042,30813600
4368,4368,12500000
4814,4814,14800000
4736,4736,57000000
757,757,12630000
4664,4664,120000000
2715,2715,140000000
2673,2673,6924833
3999,3999,28300000
1165,1165,63000000
2930,2930,506460000
1251,1251,90000000
1360,1360,10800000
2191,2191,29999999
2441,2441,70000000
1228,1228,84500000
3109,3109,19654880
4176,4176,99500000
754,754,28900000
2151,2151,61977536
4682,4682,107878970
330,330,5500000
241,241,111998000
1197,1197,8060000
4007,4007,125000000
490,490,21900000
1662,1662,16500000
2999,2999,189000000
1369,1369,24934142
3498,3498,135000000
991,991,34516597
2077,2077,35519841
2069,2069,13125780
2207,2207,52810300
3282,3282,26800000
591,591,9250000
1107,1107,10202659
4650,4650,105000000
2509,2509,18753288
2347,2347,17599000
3108,3108,8320070
1768,1768,21000000
972,972,122108738
472,472,56000000
220,220,69000000
572,572,22800000
631,631,7806659
3766,3766,162520646
4099,4099,182240000
3979,3979,19000000
3611,3611,57000000
238,238,246547171
3008,3008,9600000
2781,2781,19250000
1150,1150,31374835
1035,1035,16679295
4551,4551,73819072
1611,1611,26000000
593,593,16047986
4839,4839,14400000
1103,1103,22880000
3511,3511,43550000
1547,1547,13500000
1863,1863,40944700
3818,3818,10700000
958,958,33753258
56,56,10197000
2097,2097,21500000
4573,4573,6274562
1942,1942,118300000
1339,1339,7916300
4456,4456,6510402
1820,1820,65000000
459,459,75822560
4358,4358,45417456
3836,3836,8765032
1227,1227,80000000
913,913,24900000
3067,3067,429420000
801,801,80000000
4231,4231,13072251
4215,4215,60000000
3285,3285,106040000
4433,4433,15701069
3431,3431,10000000
4191,4191,6924833
1172,1172,11400000
3454,3454,217620480
1836,1836,21381578
11,11,150000000
4375,4375,9000000
2490,2490,7523620
2920,2920,10599000
1870,1870,13599000
2923,2923,9830711
3955,3955,11000000
1791,1791,46500000
2082,2082,23700000
1614,1614,239439200
3225,3225,12375999
605,605,23250000
4780,4780,64000000
3040,3040,12950000
1569,1569,38000000
2247,2247,56000000
2216,2216,7238174
115,115,35000000
746,746,97850000
3893,3893,161000000
235,235,11499999
453,453,136520000
560,560,98069364
1338,1338,70000000
4837,4837,50382223
4763,4763,33462250
2,2,136893510
2549,2549,12062397
2872,2872,122657078
2682,2682,27100000
242,242,44212680
2782,2782,15771482
1102,1102,9300000
1539,1539,45000000
1687,1687,52182437
2402,2402,30684658
3297,3297,20254562
3727,3727,89000000
461,461,46829769
4522,4522,22000000
375,375,215000000
33,33,8431662
1196,1196,29997306
840,840,16000000
4600,4600,145081761
4766,4766,15500000
1887,1887,6182125
3420,3420,28479420
2838,2838,21824030
2376,2376,52500000
2327,2327,16590000
3966,3966,6250000
1327,1327,45159446
3442,3442,35700000
3940,3940,44319340
2554,2554,14502068
100,100,22500000
2986,2986,128250000
1262,1262,97729363
2248,2248,13900000
480,480,16900000
1897,1897,12150000
1288,1288,22000000
4289,4289,49781944
3105,3105,21997000
2669,2669,7807091
3567,3567,21800000
47,47,71826959
3239,3239,7275600
2075,2075,38795156
4685,4685,170000000
1669,1669,7563226
1871,1871,54990000
3325,3325,47580000
3857,3857,13150000
4129,4129,7823460
3731,3731,120000000
103,103,12500000
2205,2205,120000000
1147,1147,8000000
2385,2385,98070000
383,383,7774550
3591,3591,29000000
2468,2468,19136000
2952,2952,12399000
1770,1770,18200000
541,541,114000000
405,405,32000000
3400,3400,15060297
2251,2251,19500000
4722,4722,15308035
2499,2499,7703623
2650,2650,83000000
941,941,7092317
3341,3341,20617600
2945,2945,14550000
659,659,7410073
4802,4802,29206523
2934,2934,34546600
1256,1256,7598344
685,685,22141202
3593,3593,13346422
1091,1091,13759354
4207,4207,61000000
2521,2521,7781614
377,377,79500000
2632,2632,88000000
1528,1528,40940000
363,363,20348929
4862,4862,10300000
354,354,11642400
4787,4787,8900000
1553,1553,210000000
2295,2295,12000000
1372,1372,116000000
762,762,18335648
382,382,59000000
889,889,45957500
452,452,94390000
3847,3847,75000000
2484,2484,22980400
4257,4257,385000000
4303,4303,15988614
471,471,94966000
2600,2600,15500000
2977,2977,9122927
4152,4152,15500000
2052,2052,55000000
1676,1676,12400000
677,677,15382340
3683,3683,15125060
2089,2089,27490000
1542,1542,28886460
1497,1497,7590237
1385,1385,13100000
2356,2356,27200000
1727,1727,32300000
4501,4501,6150000
2331,2331,29000000
2266,2266,19250000
2253,2253,7025786
692,692,53892000
1976,1976,99679798
1802,1802,19230000
1753,1753,9332996
2512,2512,149300000
642,642,14500000
3038,3038,90000000
3485,3485,280000000
296,296,15868073
1057,1057,10850000
168,168,14376232
3551,3551,13000000
2829,2829,51000000
230,230,29949630
758,758,23000000
3935,3935,85000000
1578,1578,7277739
3555,3555,48000000
504,504,46000000
2063,2063,23432905
674,674,10996444
3678,3678,13318245
1893,1893,11700000
646,646,153000000
666,666,13611600
269,269,6892900
20,20,13500000
3817,3817,25145601
63,63,246547171
1561,1561,140000000
3042,3042,79391370
4122,4122,8735915
2341,2341,31000000
3667,3667,11878125
61,61,21750000
3433,3433,16500000
2497,2497,20713585
3635,3635,175000000
2148,2148,7549750
1033,1033,42700000
1564,1564,14900000
4314,4314,30572222
1706,1706,9587070
1465,1465,93357000
2393,2393,110530000
4382,4382,99000000
245,245,59900000
4059,4059,11000000
283,283,11048000
3074,3074,23499900
2461,2461,12848435
2232,2232,189791469
2516,2516,23500000
1414,1414,11590000
1984,1984,65000000
4344,4344,5850000
1938,1938,92500000
3706,3706,12108104
2750,2750,15500000
161,161,100500000
2764,2764,210000000
3507,3507,25000000
4465,4465,9000000
2603,2603,45435764
3829,3829,7073435
1951,1951,101000000
3835,3835,5807080
4672,4672,54000000
486,486,8603403
1738,1738,10300000
3929,3929,17500000
31,31,24000000
4355,4355,12000000
1573,1573,162054154
2868,2868,8030581
2928,2928,7593381
1047,1047,36260790
4313,4313,18115930
1786,1786,92360000
450,450,72150000
2246,2246,10001880
2710,2710,110000000
3,3,141900000
4566,4566,7499999
4193,4193,67480000
3326,3326,21628464
3714,3714,7900000
2628,2628,13645193
2550,2550,9434794
1805,1805,36000000
2699,2699,124920000
1890,1890,13600000
267,267,9109030
1701,1701,12341000
2309,2309,59000000
1260,1260,5939943
4545,4545,20348929
319,319,65000000
294,294,70000000
2645,2645,188111735
4240,4240,44000000
4318,4318,27839000
3606,3606,59500000
612,612,145000000
4497,4497,23432905
2527,2527,95000000
1748,1748,5990000
4724,4724,22943200
1255,1255,7713703
4120,4120,17450000
2460,2460,15390000
3806,3806,259796500
4188,4188,23000000
214,214,16020721
4692,4692,13578463
2903,2903,20760000
2425,2425,5400000
4406,4406,39950000
3406,3406,35000000
4408,4408,7035788
3704,3704,36000000
2145,2145,246547171
3672,3672,49800000
1185,1185,54990000
252,252,14005622
4690,4690,44900000
3425,3425,197000000
4444,4444,14437500
884,884,11301120
3805,3805,22760273
4167,4167,12000000
625,625,82350000
893,893,36098260
3052,3052,17410625
29,29,40944700
1437,1437,40541139
3765,3765,82230000
4338,4338,20391226
3270,3270,21588296
730,730,10059279
4479,4479,48500000
1264,1264,176120000
3978,3978,110000000
4436,4436,51000000
2293,2293,36800000
4810,4810,20500000
2423,2423,19628000
1039,1039,16500000
2421,2421,14437074
2227,2227,94000000
771,771,80000000
1904,1904,30722286
2956,2956,5670000
420,420,14600376
603,603,7985893
1368,1368,40484365
1731,1731,47000000
3685,3685,30579999
4270,4270,71900000
208,208,31593120
1831,1831,14679014
3700,3700,24200000
1139,1139,23275000
1323,1323,30500000
2365,2365,18950000
2651,2651,73000000
1425,1425,22388200
4035,4035,75000000
2742,2742,17000000
3331,3331,54000000
167,167,31916000
2533,2533,20005137
1246,1246,11088400
2280,2280,11950000
649,649,23132200
683,683,27748200
3501,3501,49344000
1409,1409,10290000
2695,2695,7855738
3968,3968,12387916
2455,2455,12164388
4111,4111,14497600
3514,3514,14287810
1990,1990,33762426
3476,3476,150400000
2892,2892,15000000
4727,4727,24524600
2631,2631,12300000
2458,2458,14042883
1920,1920,10662310
805,805,44000000
1263,1263,120000000
1815,1815,7200000
3156,3156,69000000
1403,1403,16300000
1460,1460,6738862
1401,1401,20789040
120,120,23868000
1285,1285,8900000
4535,4535,72000000
4508,4508,348930819
4562,4562,10203022
521,521,7349391
462,462,23230000
1586,1586,7471068
138,138,9591911
128,128,17606234
365,365,340000000
1631,1631,29754536
835,835,307610064
3338,3338,20254562
190,190,13349999
4803,4803,7000000
2095,2095,76900000
826,826,10310008
2241,2241,26200000
2798,2798,90500000
316,316,9000000
1440,1440,50100000
2098,2098,7300000
4602,4602,12645398
2101,2101,11300000
3340,3340,11900000
1486,1486,7246943
1850,1850,19500000
4634,4634,22902230
952,952,7225190
518,518,19900000
3201,3201,49326900
4646,4646,49030000
3399,3399,15180000
2895,2895,19500000
2152,2152,45817840
1232,1232,150000000
3729,3729,17858691
552,552,10148361
3956,3956,51861544
4832,4832,6059193
3885,3885,27500000
1252,1252,67000000
3243,3243,82000000
700,700,11350000
3984,3984,7025052
1635,1635,92000000
2139,2139,82500000
2434,2434,9801000
3411,3411,48828906
3842,3842,12100000
1334,1334,25708800
749,749,16499600
4292,4292,12341000
1467,1467,26659227
743,743,214000000
3519,3519,78100000
3308,3308,15490000
4738,4738,13462828
988,988,33490000
623,623,125000000
586,586,175000000
2478,2478,9821289
2784,2784,63000000
1081,1081,59000000
3619,3619,18085452
4510,4510,29490500
2074,2074,14200000
3387,3387,12200000
1964,1964,58062670
559,559,7500000
3793,3793,21000000
4419,4419,14563914
3522,3522,13509421
143,143,50000000
3750,3750,30845885
173,173,19999900
4395,4395,7780323
3065,3065,135000000
3464,3464,11805850
92,92,23500000
3988,3988,13708620
3121,3121,8300000
997,997,6457023
194,194,117570000
2563,2563,128553459
3982,3982,7000000
2800,2800,13021786
3148,3148,8913574
1370,1370,10453302
3605,3605,20176941
4001,4001,7988384
3754,3754,10000000
4121,4121,28058677
4026,4026,14500000
2558,2558,16845300
3133,3133,18554570
4412,4412,17500000
2994,2994,8560283
3209,3209,16950000
3508,3508,5618737
4045,4045,100000000
4455,4455,48490000
948,948,7026445
3302,3302,27874860
4441,4441,41500000
3073,3073,19200000
2199,2199,17297217
113,113,67000000
2471,2471,59999999
690,690,20119633
1048,1048,18400000
2568,2568,23500000
4539,4539,72000000
1860,1860,485190000
321,321,67500000
2217,2217,10000000
1037,1037,10599000
3396,3396,57000000
1306,1306,71000000
67,67,74500000
2222,2222,24200000
1153,1153,17726214
4504,4504,18058740
1901,1901,55137354
1615,1615,39144588
1376,1376,6475567
4291,4291,147241000
1157,1157,15241600
1678,1678,31000000
3211,3211,20600000
1194,1194,6551977
4322,4322,57500000
2008,2008,19460400
3711,3711,76500000
3367,3367,35830000
1281,1281,64185100
1825,1825,18400000
4081,4081,12046650
3730,3730,10760000
4227,4227,37200000
1818,1818,4200000
3668,3668,22641520
4775,4775,11598840
2223,2223,72760814
3599,3599,13128900
3598,3598,50000000
915,915,19000000
2316,2316,12083000
1230,1230,56095999
2575,2575,153000000
540,540,60000000
1721,1721,13990000
2730,2730,45976295
1982,1982,6634000
1447,1447,15532979
2910,2910,28905800
1128,1128,8384518
2211,2211,7490000
4405,4405,7625093
3229,3229,100570000
1471,1471,42000000
4721,4721,12290000
180,180,20713585
97,97,27990000
1869,1869,83312500
4114,4114,29501209
1111,1111,18900000
412,412,45000000
3867,3867,52990000
3740,3740,27000000
2424,2424,59176340
2637,2637,18500000
2122,2122,101000000
1906,1906,75999999
1452,1452,79990000
1192,1192,72000000
2670,2670,23340645
585,585,10620000
2599,2599,12341000
260,260,6840403
96,96,59900000
3333,3333,7876554
4474,4474,65000000
3050,3050,183834633
653,653,6990000
3162,3162,37600000
4163,4163,15253556
4149,4149,37000000
254,254,82400000
790,790,5752625
2814,2814,31000000
3172,3172,183647799
3637,3637,29900000
3319,3319,19990000
1844,1844,7407435
1456,1456,68500000
4711,4711,33585500
2898,2898,253431847
369,369,111772070
466,466,9120000
1297,1297,157770000
1423,1423,9380000
3136,3136,74500000
1213,1213,21500000
397,397,10800000
1267,1267,29200000
432,432,348930819
3837,3837,20600000
1377,1377,23750000
4367,4367,17100750
3392,3392,41700000
794,794,65000000
4012,4012,10490000
2352,2352,31374835
814,814,13950000
2927,2927,150000000
687,687,15558953
4699,4699,231523500
4243,4243,9053600
4190,4190,70000000
2559,2559,42000000
3482,3482,86600000
3483,3483,62000000
1609,1609,17438680
3207,3207,164740000
2534,2534,6869402
4740,4740,68867924
4764,4764,16600000
3003,3003,25500000
564,564,7500000
3933,3933,6461874
240,240,13685585
4492,4492,6997188
3044,3044,43900000
1108,1108,8474400
3620,3620,9215000
2483,2483,14968569
3418,3418,58999991
3874,3874,219490000
547,547,15299000
4407,4407,53127944
4844,4844,5200000
3173,3173,13021076
1513,1513,162520646
1346,1346,19400000
2571,2571,7459650
1205,1205,69000000
2820,2820,54500000
2329,2329,29912590
4476,4476,34516597
4362,4362,63976142
4577,4577,140900000
2785,2785,17500000
2088,2088,58300000
4220,4220,14800000
4737,4737,215000000
1810,1810,87000000
2513,2513,14000000
526,526,6739354
2177,2177,20500000
1271,1271,58910000
1613,1613,6350218
3100,3100,20990000
786,786,7346468
1307,1307,12950000
536,536,8900000
2142,2142,6928476
1996,1996,8599500
3529,3529,12204000
3138,3138,31610675
651,651,14124600
3625,3625,14300000
1847,1847,10335006
2283,2283,203828966
1651,1651,19500000
727,727,12716913
3949,3949,24950000
4547,4547,39599000
3589,3589,50500000
3194,3194,31500000
2746,2746,27455520
525,525,234000000
1008,1008,30000000
874,874,11505944
3247,3247,7039285
4826,4826,19796539
1997,1997,14990000
2243,2243,270880504
2649,2649,28512914
483,483,27000000
1340,1340,21850000
3376,3376,73800000
1958,1958,15219000
2391,2391,22960000
1248,1248,8324580
2988,2988,8408419
795,795,10600000
1900,1900,138000000
4631,4631,12306411
1013,1013,11500000
2284,2284,50869000
3712,3712,14200000
2427,2427,18600000
351,351,8250000
2373,2373,7806823
2466,2466,148000000
1317,1317,85000000
2291,2291,19990000
4299,4299,68000000
279,279,104500000
2496,2496,25406304
1093,1093,13500000
326,326,11590000
3769,3769,5711379
4162,4162,7888908
4116,4116,73000000
1834,1834,11750000
2050,2050,74540000
1955,1955,21000000
4319,4319,38300000
4524,4524,11900000
4222,4222,19500000
3336,3336,130000000
1640,1640,197000000
3196,3196,5750117
2070,2070,120000000
4203,4203,7745670
2607,2607,9675719
1741,1741,13700000
3976,3976,9033725
3117,3117,132000000
4349,4349,7813973
3871,3871,37935780
2932,2932,9120000
1210,1210,21188976
797,797,14899000
78,78,14650000
2406,2406,20370000
3182,3182,31000000
4223,4223,23240800
1780,1780,160000000
1268,1268,160500000
2319,2319,54893600
2897,2897,91183880
3394,3394,62899371
4037,4037,15650304
3616,3616,98596200
4469,4469,60000000
3574,3574,18440000
1799,1799,106945102
1080,1080,67000000
4734,4734,13831050
4017,4017,274158000
1794,1794,27000000
2587,2587,21946523
4428,4428,8391048
3934,3934,348930819
2386,2386,27398499
614,614,25500000
3855,3855,7358380
1981,1981,14612749
4556,4556,51840000
1857,1857,7219130
3290,3290,15225910
611,611,25801520
4877,4877,219580001
2983,2983,16219200
2493,2493,75101502
3299,3299,11490000
562,562,16392460
2448,2448,7562800
719,719,21660000
2334,2334,157900000
722,722,13999999
398,398,6177693
4156,4156,31458120
2224,2224,19500000
2756,2756,18628050
474,474,26265300
4512,4512,12000000
1389,1389,7422800
1253,1253,27600000
2090,2090,33900000
1552,1552,22100000
2304,2304,96000000
1883,1883,13500000
1932,1932,6872280
4275,4275,12300000
2213,2213,67000000
3023,3023,46500000
2701,2701,16991957
3018,3018,35500000
2890,2890,23220500
4373,4373,38000000
2690,2690,19908000
1975,1975,9511937
4541,4541,8670000
3170,3170,7911359
1724,1724,38500000
2007,2007,172007728
1677,1677,54435763
2658,2658,19000000
353,353,24040000
880,880,160000000
3895,3895,220900000
1074,1074,11300000
4301,4301,23490000
2013,2013,16212200
1790,1790,87000000
4841,4841,26068147
3296,3296,5537208
2991,2991,84450630
836,836,10700000
4718,4718,30572222
1393,1393,40000000
670,670,13290000
2053,2053,165000000
1566,1566,17200000
2167,2167,67900000
3215,3215,10205810
3742,3742,12200000
3014,3014,23600000
4610,4610,5400000
2564,2564,15650035
1740,1740,27398499
2192,2192,215000000
2936,2936,98000000
791,791,12000000
3550,3550,10795459
2454,2454,6800000
1630,1630,8287464
1819,1819,9500000
187,187,7034635
3615,3615,9349546
4028,4028,10316000
4386,4386,16990000
3737,3737,92000000
1279,1279,37900000
1556,1556,16950000
2511,2511,11300000
3948,3948,19900000
1009,1009,18900000
1031,1031,92724080
4697,4697,17907120
487,487,15600000
1161,1161,55620985
4592,4592,84000000
4312,4312,18000000
39,39,15471500
1719,1719,20500000
2918,2918,13790000
2705,2705,22141202
448,448,7262400
1359,1359,43258641
2579,2579,63857200
4219,4219,17377600
1534,1534,60000000
2164,2164,43565500
3238,3238,6018539
2159,2159,11990000
3122,3122,15886705
68,68,20176941
3969,3969,37315148
3533,3533,24990000
1580,1580,21800000
281,281,8900000
2739,2739,60000000
4158,4158,11750000
4852,4852,17974000
1716,1716,95238000
796,796,10715978
2326,2326,22900000
3345,3345,7200000
4835,4835,9120000
2500,2500,120000000
4597,4597,87461600
4536,4536,110898600
3996,3996,7263979
4425,4425,87400000
3607,3607,16000000
4859,4859,34868700
2354,2354,96000000
2767,2767,78100000
366,366,70000000
1774,1774,63391680
4078,4078,51010000
1555,1555,8250000
2985,2985,100000000
2752,2752,15721467
3337,3337,7900000
2067,2067,15000000
178,178,30734587
4235,4235,68000000
2608,2608,26000000
2131,2131,265500000
404,404,12838247
3669,3669,7015047
933,933,28963060
3654,3654,104000000
2597,2597,15500000
1681,1681,90642000
1059,1059,25042863
3801,3801,18250000
709,709,29000000
2300,2300,9000000
946,946,16435900
225,225,35255791
1207,1207,8500000
2727,2727,20713585
4607,4607,21500000
2268,2268,7108504
2240,2240,14550000
3320,3320,174719632
2721,2721,10636136
528,528,11827267
2109,2109,21390000
4085,4085,230000000
1002,1002,9380000
716,716,45990000
4381,4381,13150000
4868,4868,12450000
1371,1371,31990000
1499,1499,7082534
3397,3397,15990000
3010,3010,8900000
1168,1168,25990000
1082,1082,27353300
4410,4410,6039600
28,28,10850000
445,445,10317236
3362,3362,19294524
4281,4281,150000000
3547,3547,7604648
418,418,13999000
669,669,8163501
12,12,9990000
2051,2051,110200000
4024,4024,125000000
543,543,42700000
2048,2048,29128619
2481,2481,27570000
711,711,98783807
3662,3662,102000000
4649,4649,360760000
1036,1036,8134448
4216,4216,67500000
2839,2839,45000000
2072,2072,49500000
2835,2835,9595848
3157,3157,15500000
94,94,19028856
4731,4731,17900000
3580,3580,11000000
3343,3343,14500000
1879,1879,7215128
1367,1367,14105020
1690,1690,11078458
4713,4713,69800000
2657,2657,20793202
384,384,24365322
3208,3208,7846606
3858,3858,61000000
3342,3342,36999999
3776,3776,150000000
556,556,13239135
430,430,67314000
1533,1533,8353228
3859,3859,29990000
433,433,140000000
4773,4773,432894993
1474,1474,89987421
2413,2413,10300000
3028,3028,120000000
2394,2394,18850052
1079,1079,6341359
1113,1113,175000000
1943,1943,57000000
4186,4186,47000000
477,477,10437000
1922,1922,24383773
3920,3920,36000000
1171,1171,147800000
288,288,7387633
1235,1235,19000000
2445,2445,40000000
4095,4095,16990000
1400,1400,62398204
1895,1895,11700000
1482,1482,7934524
4703,4703,7560583
4317,4317,7245894
2100,2100,10700000
4138,4138,12300000
45,45,35000000
1950,1950,9700000
861,861,21900000
1845,1845,64447342
863,863,85000000
4350,4350,60448000
3710,3710,10205966
2031,2031,22416264
3269,3269,35900000
2626,2626,17050000
898,898,20900000
4598,4598,53000000
3759,3759,144320000
1966,1966,7039456
2862,2862,13900000
2854,2854,16445858
2808,2808,9013227
4239,4239,20078109
1923,1923,14852311
378,378,298305005
2290,2290,43500000
4840,4840,91873800
1851,1851,19900000
2535,2535,21800000
4518,4518,79000000
820,820,14499999
3058,3058,17840000
1759,1759,67918760
927,927,86856437
891,891,63650000
3487,3487,35000000
2935,2935,6974769
2275,2275,27343186
407,407,52000000
831,831,23000000
1856,1856,12000000
456,456,48664268
172,172,26636010
482,482,128740413
1349,1349,85000000
1872,1872,8078935
2091,2091,39000000
4250,4250,8480682
645,645,91823899
3557,3557,2890500
6,6,8517778
3430,3430,24000000
567,567,100000000
4875,4875,6793696
3922,3922,36300000
500,500,29641732
1602,1602,34000000
3913,3913,12000000
2703,2703,21900000
4052,4052,63500000
2073,2073,76900000
3494,3494,6633000
4294,4294,15450000
3119,3119,39873600
464,464,25000000
668,668,18707580
2126,2126,16065003
1723,1723,13099013
2016,2016,53000000
2258,2258,120000000
747,747,7887450
1214,1214,9900000
263,263,21954390
2899,2899,17000000
2591,2591,28200000
4827,4827,68000000
3825,3825,15500000
3682,3682,33500000
475,475,37570280
1270,1270,29900000
3168,3168,25000000
1581,1581,71692438
3305,3305,75000000
1071,1071,28067702
117,117,17400000
4761,4761,15600000
368,368,25739827
4863,4863,14900000
3366,3366,125000000
4845,4845,7346947
313,313,19517775
4655,4655,16601400
3636,3636,11691800
148,148,70000000
974,974,22960000
1245,1245,10700000
2883,2883,13860450
2745,2745,19600000
3560,3560,66800000
3779,3779,140000000
896,896,10500000
2766,2766,68930000
1830,1830,11206500
4062,4062,13500000
3866,3866,55376370
3352,3352,14748760
813,813,8541218
133,133,124597929
2395,2395,157890000
2244,2244,39472888
1337,1337,18770300
1480,1480,10674920
3388,3388,26904506
447,447,120000000
2351,2351,16357400
987,987,250000000
4413,4413,85000000
2605,2605,17000000
1023,1023,52006000
3967,3967,88000000
3617,3617,190852541
4674,4674,30600000
147,147,65500000
1535,1535,35500000
367,367,9500000
4716,4716,23650000
1219,1219,30455467
4308,4308,10540000
1574,1574,18767513
4670,4670,12700000
1912,1912,26628345
2360,2360,227576030
2045,2045,13324691
3815,3815,28000000
1412,1412,18800000
584,584,12400000
4134,4134,22149999
1554,1554,26075000
694,694,19900000
1510,1510,12300000
1967,1967,16019477
3573,3573,16003451
3768,3768,32257350
1798,1798,11900000
23,23,12341000
4656,4656,56682000
516,516,7747036
4857,4857,16600000
1520,1520,11900000
4609,4609,6228100
434,434,125000000
4627,4627,20633007
1206,1206,15219000
2982,2982,11700000
65,65,38950000
1209,1209,194460000
49,49,19424397
785,785,6908954
3708,3708,14300000
1806,1806,36500000
2779,2779,17190000
1546,1546,24290000
2462,2462,51525312
3365,3365,49355795
1273,1273,67000000
18,18,52722487
2433,2433,20490000
538,538,66000000
308,308,120000000
2514,2514,22262123
3200,3200,65000000
587,587,97192833
108,108,19906220
4861,4861,10438575
2306,2306,17427800
328,328,15450000
80,80,7330440
3292,3292,45000000
4617,4617,41000000
156,156,160000000
4204,4204,21645206
69,69,134193500
3461,3461,9238415
4006,4006,14700000
696,696,5950000
4706,4706,119898000
395,395,14950000
579,579,22000000
4005,4005,17768630
4205,4205,83665000
101,101,6941195
4209,4209,58149819
3728,3728,66068500
4879,4879,45000000
3701,3701,87988700
2547,2547,105947280
4388,4388,19805591
2954,2954,57706861
3875,3875,28324800
1959,1959,42000000
3565,3565,17700000
4599,4599,6363885
1881,1881,12290000
1490,1490,27155520
455,455,227576030
2196,2196,150000000
4846,4846,183647799
4210,4210,23220500
1208,1208,87900000
2409,2409,14331884
1330,1330,7766495
555,555,13875678
3263,3263,49590000
2092,2092,9884467
912,912,23876670
2372,2372,10300000
4302,4302,70980273
1242,1242,14900000
919,919,25196536
920,920,11000000
4055,4055,58120000
904,904,20200000
2525,2525,7997911
2116,2116,19005728
428,428,10950000
989,989,27000000
2021,2021,6000000
2261,2261,62500000
2083,2083,36635670
3512,3512,74000000
2613,2613,23500000
2825,2825,165000000
1972,1972,25642000
2294,2294,14968800
506,506,10800000
4133,4133,55000000
1617,1617,29043181
627,627,9120000
4793,4793,183834633
2857,2857,110000000
224,224,170000000
3904,3904,14881217
2489,2489,371250000
1508,1508,10341310
4811,4811,95000000
4104,4104,18400000
621,621,6873600
2015,2015,16000000
4199,4199,29506050
3423,3423,19990000
1212,1212,13750000
2486,2486,42066500
2926,2926,44349150
1722,1722,6114211
81,81,7834910
358,358,14766000
1919,1919,7394589
4041,4041,86856437
4778,4778,14900000
4232,4232,4950000
3351,3351,7832061
1017,1017,15700000
142,142,46910472
3537,3537,11900000
1278,1278,21384000
554,554,12200000
2410,2410,20275360
1394,1394,33100000
2822,2822,7104411
1257,1257,6990000
2844,2844,14850000
2429,2429,19990000
1225,1225,10390000
64,64,37847000
268,268,39000000
1493,1493,10025380
1344,1344,18412265
373,373,18500000
509,509,7340206
1296,1296,6883313
3899,3899,396942000
3330,3330,25790527
112,112,14500000
1828,1828,15599370
3891,3891,12915830
3643,3643,63000000
4343,4343,240000000
1381,1381,16608557
1868,1868,15900000
3946,3946,50021400
3797,3797,7409731
1944,1944,53757472
1202,1202,49853736
2789,2789,140000000
2946,2946,47003430
3217,3217,166400000
3791,3791,35000000
2894,2894,95000000
2470,2470,179056604
1714,1714,94992793
1924,1924,65200000
3197,3197,4600000
203,203,92724080
1948,1948,13999999
4679,4679,34400000
4828,4828,29621200
3253,3253,23687461
1767,1767,13800000
4809,4809,45686253
4527,4527,27500000
1907,1907,18900000
728,728,204169561
2972,2972,43800000
675,675,7326435
721,721,14938794
1191,1191,56477562
2505,2505,8381949
926,926,10000000
3175,3175,6729480
2299,2299,25273435
843,843,11300000
2819,2819,15046350
1551,1551,36785710
27,27,8576244
3576,3576,10148272
2023,2023,485190000
2757,2757,13700000
1094,1094,9853928
1448,1448,6950000
3639,3639,6779200
1090,1090,6722089
2864,2864,6963440
3713,3713,52000000
3006,3006,22540700
71,71,57500000
3082,3082,39033793
2359,2359,52000000
2154,2154,35249080
1835,1835,19355220
3926,3926,18700000
2332,2332,98900000
4668,4668,10687800
2769,2769,8600000
792,792,7423500
661,661,82000000
2852,2852,9657426
1184,1184,44496400
3447,3447,20010000
2308,2308,68000000
850,850,54635356
4371,4371,16300000
2589,2589,17091138
1963,1963,49000000
656,656,21612856
1018,1018,60000000
4578,4578,120000000
4596,4596,31536000
2711,2711,32800000
3787,3787,20883065
211,211,84840000
3763,3763,26904506
4378,4378,29000000
1259,1259,16000000
2058,2058,165000000
3886,3886,78100000
1846,1846,24504472
3102,3102,12300000
4409,4409,17990000
829,829,50512254
2422,2422,38000000
4439,4439,140990000
3928,3928,11500000
2539,2539,43188976
2157,2157,21286312
3588,3588,12181200
361,361,22000000
1735,1735,18900000
1395,1395,214000000
2487,2487,70000000
2446,2446,5676739
3061,3061,59000000
4552,4552,6632431
1240,1240,6844075
3096,3096,6323381
2566,2566,18288906
1462,1462,27342448
2759,2759,90642000
3726,3726,9072631
635,635,21941564
4493,4493,121800000
4398,4398,12300000
4293,4293,12699000
4785,4785,120000000
2384,2384,11950000
1405,1405,13500000
2488,2488,78176062
938,938,15500000
1804,1804,91550000
2922,2922,6172353
1760,1760,102000000
1156,1156,28700000
1756,1756,15300000
940,940,137060000
3189,3189,87461600
862,862,47000000
1000,1000,59900000
3770,3770,15180000
745,745,6957573
886,886,189500000
4387,4387,10700000
362,362,8039150
2724,2724,10500000
4710,4710,9752456
2398,2398,25500000
990,990,9750764
3876,3876,137065006
3147,3147,17999900
1300,1300,34716000
3938,3938,13645193
3230,3230,8998798
755,755,9145773
3188,3188,33369885
778,778,11957900
3503,3503,12630000
3375,3375,9800000
1655,1655,21000000
1777,1777,22500000
3992,3992,20713585
4,4,13240586
4520,4520,12000000
3032,3032,7231081
618,618,12300000
4054,4054,118450000
3524,3524,154673167
2010,2010,13611600
4695,4695,9072500
4126,4126,80000000
3686,3686,6300000
1160,1160,22500000
1429,1429,57558600
2778,2778,32000000
3280,3280,12645976
3081,3081,24792690
1918,1918,29900000
2616,2616,26500000
830,830,9768652
2495,2495,19459000
2874,2874,24000000
1399,1399,47500000
1453,1453,22845714
839,839,8958530
4262,4262,30368919
732,732,15803611
4391,4391,12595205
3882,3882,88005360
3559,3559,7210000
2817,2817,21980883
2691,2691,24335267
1176,1176,9973705
4211,4211,9100000
3666,3666,16800000
4729,4729,9135200
389,389,27731079
4715,4715,18500000
3457,3457,102804464
876,876,155790000
3638,3638,5500000
1695,1695,138420000
2381,2381,31000000
3131,3131,8390000
1411,1411,120569530
2855,2855,10500000
210,210,38999999
4821,4821,27800000
3091,3091,98763758
181,181,149990000
847,847,6979706
3684,3684,6590000
2166,2166,6182694
960,960,14000000
1518,1518,20000000
83,83,64815530
3110,3110,135000000
3890,3890,37000000
1953,1953,19000000
2902,2902,26536750
2758,2758,27344041
3291,3291,165259600
2618,2618,7500000
916,916,88594539
4174,4174,5800000
3785,3785,77826250
1537,1537,244900000
2812,2812,83777500
2586,2586,20451843
1626,1626,34626390
196,196,7511600
2688,2688,193060098
3962,3962,169490000
1746,1746,24674120
1925,1925,29460366
1144,1144,12000000
2039,2039,78500000
2520,2520,137680000
4808,4808,199000000
3251,3251,61231800
3660,3660,17065160
2160,2160,85000000
2305,2305,15177043
2694,2694,110188679
3614,3614,33999999
249,249,13378342
3013,3013,47000000
2668,2668,9546317
1052,1052,12387916
2361,2361,21284173
2671,2671,27979200
4154,4154,14927656
4146,4146,16600000
4416,4416,12970000
3575,3575,23689579
469,469,229400000
4136,4136,7564932
2134,2134,60000000
628,628,49737000
1527,1527,19500000
2292,2292,6133280
3500,3500,53539200
231,231,20607783
1654,1654,36260000
984,984,13705200
3741,3741,31727850
4253,4253,22990000
2281,2281,14490000
393,393,62000000
2737,2737,11691800
1195,1195,22845714
3782,3782,21930000
1686,1686,5250000
4790,4790,84600000
2456,2456,65000000
3868,3868,6170341
1588,1588,95000000
943,943,16005769
1848,1848,75000000
4581,4581,6270772
4491,4491,15500000
1843,1843,11290000
1492,1492,10560107
4799,4799,16699000
4747,4747,70462545
1243,1243,12700000
2615,2615,75000000
3990,3990,7947350
523,523,19412167
2147,2147,16800000
1593,1593,67490000
4345,4345,26884361
3093,3093,137000000
2450,2450,7533137
1517,1517,20490000
1041,1041,127500000
468,468,99000000
1217,1217,65000000
3664,3664,49900000
1127,1127,8376440
1077,1077,34827657
2367,2367,10248363
2627,2627,12300000
531,531,22000000
3206,3206,23136490
3633,3633,37000000
247,247,18700000
1505,1505,13746719
723,723,58500000
253,253,10800000
4273,4273,21300000
3932,3932,179056604
4560,4560,25362800
4779,4779,6990000
4068,4068,13053600
522,522,18500000
4328,4328,23232000
2790,2790,13700000
2858,2858,19522300
3079,3079,74990000
2818,2818,102000000
2780,2780,75000000
2003,2003,17800000
4502,4502,6702120
2079,2079,21886409
2805,2805,20000000
954,954,156320000
1494,1494,48265552
4459,4459,35462120
493,493,9200000
1541,1541,43000000
3994,3994,11990000
3974,3974,19300000
2005,2005,6900000
2948,2948,8500000
4543,4543,9500000
155,155,17295455
1418,1418,7946543
292,292,11000000
1776,1776,95700000
1198,1198,16030653
2738,2738,348930819
1104,1104,28014688
3154,3154,19203540
514,514,26444880
1878,1878,65924706
3141,3141,27000000
215,215,22885200
501,501,60425332
4255,4255,122657078
4739,4739,7965874
4765,4765,23000000
3965,3965,50356040
3444,3444,29999000
1849,1849,22900000
4110,4110,80000000
4774,4774,12500000
2980,2980,29700000
3152,3152,17130517
1657,1657,32000000
1295,1295,26905000
2235,2235,8212829
3111,3111,12000000
2038,2038,17427800
158,158,36983117
4075,4075,9480000
4385,4385,14500000
739,739,24599598
3674,3674,18000000
4642,4642,183000000
3174,3174,80000000
4842,4842,108840710
4822,4822,35647500
3760,3760,14043555
4274,4274,9278729
2961,2961,33499000
338,338,13520000
4517,4517,75000000
1419,1419,7655667
2704,2704,175000000
3564,3564,12500000
4458,4458,80000000
4238,4238,22500000
1891,1891,29850000
2804,2804,17500000
184,184,50000000
2026,2026,75000000
2726,2726,70090220
3952,3952,24480086
4505,4505,15900000
3894,3894,7357816
3841,3841,14500000
3339,3339,17950000
3118,3118,9387020
3699,3699,29365361
3198,3198,14700000
2183,2183,15350000
2698,2698,13411710
3185,3185,9480000
4851,4851,17600000
457,457,43300000
1540,1540,20575914
3309,3309,7913098
1378,1378,15241600
1084,1084,16046112
2652,2652,13700000
488,488,12400000
2198,2198,4999999
3395,3395,5996063
1801,1801,7132167
3798,3798,265500000
443,443,12900000
664,664,9198000
2230,2230,73810000
2262,2262,13300000
3389,3389,102000000
2556,2556,21390000
3561,3561,43382355
507,507,74900000
4813,4813,215000000
2887,2887,8663175
470,470,72000000
2130,2130,40900000
2348,2348,42066500
280,280,7270560
4514,4514,38918880
505,505,28444150
1935,1935,15990000
3958,3958,13831050
1301,1301,5900000
4144,4144,46000000
3033,3033,26292550
2866,2866,11843661
3298,3298,17435251
592,592,20500000
1343,1343,18500000
1034,1034,43725360
882,882,21200000
1350,1350,11500000
3246,3246,50000000
2472,2472,22500000
3428,3428,21193759
3775,3775,44325063
2506,2506,15690000
4429,4429,36000000
1190,1190,55500800
1784,1784,61255726
42,42,86000000
2171,2171,18933683
1717,1717,20495970
4221,4221,41409489
3852,3852,7354330
846,846,9350000
2625,2625,40581188
4280,4280,6938400
667,667,18900000
4659,4659,21066679
76,76,16800000
66,66,175000000
3624,3624,14400000
3653,3653,30579999
1568,1568,8544383
2793,2793,9654912
3460,3460,23900000
2776,2776,11300000
1379,1379,99000000
3705,3705,13000000
1404,1404,8749863
1859,1859,69262270
2004,2004,320912575
953,953,21400000
702,702,17091138
1415,1415,11371140
311,311,133260000
1595,1595,8700000
4601,4601,13578463
312,312,118850000
1782,1782,64704000
2588,2588,87500000
1233,1233,7253668
2417,2417,277760000
2404,2404,5961573
4874,4874,5642243
4762,4762,89999999
4218,4218,16442196
2118,2118,34700000
1973,1973,16700000
806,806,29734300
2502,2502,41500000
2170,2170,34000000
3496,3496,29300000
2390,2390,17900000
4194,4194,24496800
2215,2215,27748200
4336,4336,79900000
3702,3702,6688500
2911,2911,11700000
3715,3715,14544326
3404,3404,6868611
2877,2877,12100000
1989,1989,90000000
998,998,84886372
4177,4177,66900000
2515,2515,16900000
4417,4417,209622000
3019,3019,42000000
4137,4137,20367033
1126,1126,27957272
2791,2791,6723192
866,866,210000000
2526,2526,21000000
4076,4076,115000000
1605,1605,6956451
4667,4667,7242636
595,595,9012283
3087,3087,13115520
1509,1509,11100000
372,372,21500000
717,717,125000000
601,601,44000000
1224,1224,30375342
652,652,11800000
1584,1584,194940000
1004,1004,92690000
2875,2875,15332183
1390,1390,26906628
4457,4457,21268920
4192,4192,73500000
782,782,17500000
481,481,11374947
1186,1186,40471200
2416,2416,59900000
859,859,95500000
2823,2823,22953686
699,699,29950000
1088,1088,25159630
3139,3139,21600000
942,942,52900000
4073,4073,46536187
4180,4180,15734835
4311,4311,33685850
303,303,7990725
2162,2162,37600000
415,415,12005280
3677,3677,10092828
549,549,9000000
2380,2380,14825000
3889,3889,6155414
4881,4881,15750000
1254,1254,10400000
1597,1597,9565113
257,257,64850000
86,86,62990000
54,54,27000000
1019,1019,17900000
4435,4435,16500000
4356,4356,7220000
3064,3064,215000000
2029,2029,36962923
1092,1092,7891600
3390,3390,45000000
3906,3906,49500000
300,300,40000000
3186,3186,21112000
4614,4614,25500000
1671,1671,9900000
37,37,52990000
4500,4500,118729000
1292,1292,23900000
1532,1532,16300000
3047,3047,32800000
3445,3445,185000000
1398,1398,23954676
4564,4564,15335400
413,413,25870000
1853,1853,49000000
4688,4688,85000000
890,890,21989139
3481,3481,27044398
4297,4297,74950000
3851,3851,5570000
43,43,24491138
4034,4034,7076283
2465,2465,75000000
3381,3381,43991860
3373,3373,16999999
1020,1020,15200000
4269,4269,30019981
823,823,26821984
4694,4694,75000000
1693,1693,90446541
2085,2085,120530190
4251,4251,5954514
2296,2296,72519999
1115,1115,10300000
3226,3226,15450000
1064,1064,69800000
4246,4246,41500000
957,957,108000000
2397,2397,26213596
2685,2685,21996802
110,110,78000000
3832,3832,26400000
175,175,7064820
1864,1864,93988700
4590,4590,110000000
3256,3256,13400000
964,964,14999000
2307,2307,9000000
3509,3509,102000000
273,273,6343152
1788,1788,52500000
348,348,21000000
673,673,8800000
2963,2963,33900000
841,841,17500000
4169,4169,46560000
1792,1792,20818680
282,282,24900000
4625,4625,19513200
4019,4019,198000000
4622,4622,5523002
1645,1645,32068050
1742,1742,15366099
3233,3233,115000000
3803,3803,98000000
1498,1498,19200000
262,262,6630000
88,88,20900000
437,437,33763804
2457,2457,72000000
4548,4548,12200000
959,959,15332183
4341,4341,24292950
1234,1234,85000000
4132,4132,55000000
4172,4172,14400000
3719,3719,59000000
1204,1204,135103850
2165,2165,8278774
2401,2401,47272500
1187,1187,15950000
4836,4836,80000000
4434,4434,12190000
3446,3446,9937960
2905,2905,42000000
421,421,19990000
4166,4166,12170437
1994,1994,230000000
4372,4372,96000000
3789,3789,9587070
1842,1842,103777000
3673,3673,29201550
1211,1211,36900000
4370,4370,15711300
594,594,13212178
657,657,72929576
4818,4818,37500000
1957,1957,12083000
4276,4276,41670000
828,828,39700000
3187,3187,15190600
3991,3991,12700000
508,508,21724422
164,164,60173080
2025,2025,85000000
3279,3279,149000000
4523,4523,7321593
1236,1236,12299999
4445,4445,5482343
1201,1201,43000000
3830,3830,16400000
2096,2096,8758891
3455,3455,19990000
3448,3448,32000000
4187,4187,165000000
4431,4431,7909957
578,578,73272500
322,322,8023455
1986,1986,7950834
2255,2255,6449875
3720,3720,13000000
2692,2692,8214784
3043,3043,7478361
983,983,19894000
3318,3318,10819963
1704,1704,15576900
1549,1549,21586085
1043,1043,28938350
4760,4760,7360483
4353,4353,54000000
2832,2832,13208000
4702,4702,159808000
26,26,9197448
212,212,65000000
2882,2882,78000000
917,917,7950991
2501,2501,59500000
4794,4794,21290640
4107,4107,31500000
2310,2310,88184211
4415,4415,21284173
2325,2325,35121475
2081,2081,12800000
3021,3021,25200000
986,986,117074880
2036,2036,193290000
2824,2824,134550000
1961,1961,9278254
4065,4065,99000000
55,55,7573561
1003,1003,24500000
2728,2728,25500000
3743,3743,32500000
2173,2173,110000000
3953,3953,28000000
867,867,29367720
1560,1560,10118978
2609,2609,41606500
1159,1159,18350554
4572,4572,68572500
4064,4064,126110000
340,340,8005267
2680,2680,10500000
3650,3650,11600000
4878,4878,32000000
1754,1754,21612823
4282,4282,8104390
3772,3772,9823251
2578,2578,9394656
4872,4872,49733920
1771,1771,24599598
4109,4109,27350000
1119,1119,7832175
409,409,16900000
3655,3655,59990000
2451,2451,18900000
3436,3436,70000000
545,545,15779013
2548,2548,12000000
1660,1660,20490000
3931,3931,16500000
3262,3262,11301120
2770,2770,8609450
4653,4653,7734263
99,99,10006819
1894,1894,10950000
3947,3947,32000000
2717,2717,8254568
350,350,245044800
3466,3466,33469830
1351,1351,10950000
3914,3914,68882300
963,963,21000000
875,875,29554210
4097,4097,394842769
4304,4304,63700000
3435,3435,8296150
3167,3167,113000000
3265,3265,11499999
2236,2236,51922588
4348,4348,14650000
2749,2749,54500000
811,811,13065207
218,218,113000000
1133,1133,202012579
3970,3970,11818000
4230,4230,120000000
1021,1021,26905000
1012,1012,7137541
2405,2405,17900000
2150,2150,8520563
2842,2842,26000000
4819,4819,11496421
2653,2653,35114100
4880,4880,20054460
4665,4665,16336845
2185,2185,81000000
3680,3680,6149198
4124,4124,118382160
4516,4516,27500000
4217,4217,24776750
4384,4384,66500000
1231,1231,18194057
4151,4151,23300000
2530,2530,13430335
4029,4029,6663059
2543,2543,175000000
1526,1526,40737000
4226,4226,99000000
1908,1908,23190000
1029,1029,21998860
910,910,16500000
2593,2593,351480000
75,75,17580720
3072,3072,6160820
914,914,107700000
3274,3274,21800000
3745,3745,18890000
4058,4058,7983736
2989,2989,21000000
1247,1247,10900000
4509,4509,61000000
2094,2094,10500000
887,887,14100000
3497,3497,21000000
2087,2087,52000000
2018,2018,120000000
3688,3688,25238132
1454,1454,20818680
1710,1710,8632449
2270,2270,13187100
4130,4130,18935023
329,329,22377265
2574,2574,9479201
1761,1761,95000000
1661,1661,5797568
3828,3828,15704757
2168,2168,7083855
770,770,16800000
3224,3224,10950000
116,116,178000000
4684,4684,18000000
2595,2595,6681723
3784,3784,6300000
4320,4320,7085446
132,132,34650000
883,883,13990000
1649,1649,48500000
3814,3814,50850148
2917,2917,20763062
534,534,13716522
2602,2602,43855020
2540,2540,74990000
641,641,7400000
2128,2128,17400000
3439,3439,65024000
1941,1941,12113575
4189,4189,9750000
4237,4237,12400000
4532,4532,42000000
1333,1333,76034640
1646,1646,110000000
3513,3513,14287810
937,937,45000000
4485,4485,75500000
3909,3909,284654089
275,275,7790000
4307,4307,17500008
947,947,15900000
2712,2712,14140000
1579,1579,125000000
4568,4568,12290000
600,600,94392000
2037,2037,81383352
41,41,40684539
3347,3347,15711300
3171,3171,21720988
4475,4475,9945753
118,118,93750000
1114,1114,34785452
4305,4305,10365763
3112,3112,29000000
4781,4781,6724692
2071,2071,38000000
3986,3986,23500000
4399,4399,15961450
2315,2315,12900000
2816,2816,32836930
1559,1559,38900000
1067,1067,34000000
4561,4561,7445290
3493,3493,7312860
3622,3622,72320000
123,123,7256330
2519,2519,214867925
1642,1642,98000000
950,950,78450000
4201,4201,8520563
2477,2477,111500000
2773,2773,8500000
3422,3422,16610000
3346,3346,7933682
1877,1877,6886952
2040,2040,150000000
1392,1392,25739827
3463,3463,20990000
4170,4170,6432965
871,871,18800000
244,244,8387700
4366,4366,250000000
438,438,28000000
1140,1140,19412167
647,647,11900000
3809,3809,17500000
2536,2536,17495340
1163,1163,8300000
2810,2810,82500000
1166,1166,50078940
2287,2287,18900000
4040,4040,115000000
2001,2001,17990000
1663,1663,13900000
3005,3005,196411322
4557,4557,48000000
4639,4639,19500000
2444,2444,20500000
2873,2873,25000000
2369,2369,30944580
3221,3221,7842250
2741,2741,28798635
2863,2863,16102800
4310,4310,13462828
787,787,12399000
2175,2175,22641734
2180,2180,8340964
3210,3210,22400000
1971,1971,7136780
1199,1199,17500000
1216,1216,40414336
3583,3583,22706491
1136,1136,10846590
2012,2012,10900000
3762,3762,14899000
936,936,10965433
1045,1045,6858615
3697,3697,104000000
3739,3739,51900000
4258,4258,55000000
2604,2604,91000000
3183,3183,9818181
3153,3153,52990000
1665,1665,9984431
1865,1865,12000000
2553,2553,96000000
2210,2210,182560000
3371,3371,216819225
3075,3075,17768630
337,337,51595400
3623,3623,7659245
2399,2399,22000000
1769,1769,123962264
2797,2797,61427720
4359,4359,6179940
2379,2379,100000000
1318,1318,27038015
163,163,102606740
2576,2576,12400000
2342,2342,7700000
1525,1525,7900000
2480,2480,44534560
2392,2392,102000000
4499,4499,10800000
93,93,6247460
2706,2706,66258340
3747,3747,21640850
2302,2302,16256500
537,537,11100000
2799,2799,9222038
1608,1608,29900000
4686,4686,293836479
2119,2119,13400000
1183,1183,7219473
1666,1666,96850000
2596,2596,20000000
736,736,174600000
1143,1143,142182309
2463,2463,18399200
1592,1592,17000000
1,1,24500000
3833,3833,21996802
4753,4753,11000000
2582,2582,72984440
4050,4050,8397700
3323,3323,34500000
935,935,22158500
3632,3632,22450259
3723,3723,100000000
478,478,166430000
4198,4198,22500000
4141,4141,42000000
4131,4131,22158500
3627,3627,27500000
3469,3469,9425032
195,195,11957900
1988,1988,7614831
1884,1884,5386605
4361,4361,105947280
1427,1427,13500000
4873,4873,30700000
4732,4732,15000000
4423,4423,31389618
1068,1068,8504005
1050,1050,170000000
2400,2400,18600000
2843,2843,17390000
3907,3907,51902467
4288,4288,17004185
2311,2311,34000000
62,62,152490000
3295,3295,14103866
2524,2524,93700000
2565,2565,23387800
3193,3193,21481200
1416,1416,230000000
2640,2640,17297217
3489,3489,9366588
2120,2120,6572026
4101,4101,8360842
3892,3892,21500000
1341,1341,114000000
2174,2174,44000000
1180,1180,67290835
2330,2330,14600000
3348,3348,7000000
961,961,25700000
3412,3412,63882266
2377,2377,12113575
4744,4744,5885300
708,708,16543800
1940,1940,47660600
4537,4537,59000000
2288,2288,284654089
3609,3609,188111735
4164,4164,15500000
4855,4855,14600000
1763,1763,21600000
1038,1038,65614185
590,590,16590000
3107,3107,42300000
1694,1694,6900000
569,569,28107000
3070,3070,10109828
970,970,222000000
714,714,7646727
3925,3925,15950000
4264,4264,18953124
4244,4244,36771606
4271,4271,21200000
1725,1725,45400000
3488,3488,103787040
1629,1629,7728286
1697,1697,55094339
309,309,15509395
928,928,7990000
3540,3540,103270572
4284,4284,30016700
4044,4044,49000000
4150,4150,8425170
131,131,7694038
644,644,75000000
619,619,5400000
2238,2238,12306411
1241,1241,6708124
2103,2103,34500000
1075,1075,60000000
479,479,80000000
4082,4082,96415094
2636,2636,7637903
1916,1916,18115930
2447,2447,17713020
2338,2338,22500000
2387,2387,100690000
4267,4267,15500000
3393,3393,26600000
2111,2111,20837200
1927,1927,23824000
3585,3585,6988680
4330,4330,14943526
4077,4077,12915830
3024,3024,14902089
731,731,53738243
2617,2617,77575555
1899,1899,15177679
4719,4719,66618396
4757,4757,16900000
1441,1441,22300000
1648,1648,68504310
1814,1814,9858408
4047,4047,11499999
3143,3143,20173698
341,341,24807771
4092,4092,17400000
3163,3163,69415920
2610,2610,52500000
4611,4611,125000000
1639,1639,35400000
411,411,16500000
2452,2452,19800000
333,333,12300000
726,726,45501172
1145,1145,8295210
3648,3648,127000000
256,256,19000000
1969,1969,80000000
1073,1073,23700000
3971,3971,60000000
3695,3695,37500000
3104,3104,10000000
4467,4467,9100000
681,681,12180000
1479,1479,6759869
1772,1772,60000000
1937,1937,17990150
4733,4733,11900000
4735,4735,19000000
2273,2273,17600940
3758,3758,8490435
2940,2940,149500000
4533,4533,68000000
476,476,70000000
497,497,28000000
176,176,20505276
2643,2643,445000000
129,129,9615124
1544,1544,7425270
934,934,24800000
4443,4443,13299585
816,816,75000000
1983,1983,5020500
1889,1889,7900000
3957,3957,16483983
2953,2953,6792445
2614,2614,15499000
4145,4145,25159630
4117,4117,19000000
2343,2343,9143392
1375,1375,20300000
3452,3452,23789694
3180,3180,40600000
1431,1431,34700000
616,616,15950000
1345,1345,63800000
1840,1840,79463370
2569,2569,6267863
750,750,22300000
2024,2024,7884000
2231,2231,40000000
4580,4580,7253715
4466,4466,48204097
4008,4008,19200000
2713,2713,41497140
842,842,22000000
299,299,10800000
3865,3865,16144398
4726,4726,67000000
4432,4432,115000000
1095,1095,19800000
742,742,35250000
3354,3354,22499235
2619,2619,303725598
3973,3973,106051086
3429,3429,29000000
3144,3144,14500000
2440,2440,73860415
3950,3950,33500000
2884,2884,202012488
102,102,7537807
4629,4629,15990000
3796,3796,18400000
1089,1089,9895035
1326,1326,149000000
3335,3335,25790000
2528,2528,73860415
4060,4060,77400000
3048,3048,17000000
2942,2942,13611600
4206,4206,14268741
3437,3437,18042031
1249,1249,35500000
4447,4447,307610064
2853,2853,266289309
2179,2179,138169710
444,444,13000000
2975,2975,24449100
3129,3129,16916090
3401,3401,44212680
3098,3098,164167000
2755,2755,84900000
3029,3029,101999000
1823,1823,23354962
606,606,13000000
966,966,12900000
1594,1594,42064440
3321,3321,17000000
145,145,211194969
1796,1796,46000000
3959,3959,56000000
4460,4460,11206500
4329,4329,10965433
609,609,17613428
4661,4661,139999900
2965,2965,45600000
2415,2415,117089718
4347,4347,16784866
2136,2136,17000000
2885,2885,27882985
3542,3542,10600000
2396,2396,7202082
2774,2774,13500000
3368,3368,42000000
655,655,29485060
1715,1715,18800000
3135,3135,7352621
1698,1698,235370000
2226,2226,26790000
3786,3786,22745000
2666,2666,31700000
4038,4038,20500000
431,431,39746265
809,809,7890000
4801,4801,13140000
2796,2796,14600000
1838,1838,8126307
2561,2561,34261720
2859,2859,98000000
3255,3255,7827217
3843,3843,16950000
381,381,9841574
2014,2014,15900000
3218,3218,15500000
2254,2254,20755200
3693,3693,16663781
870,870,231396227
3691,3691,22800000
4091,4091,22000000
3613,3613,108500000
748,748,8608740
901,901,47583807
2754,2754,7700000
2106,2106,8543762
3594,3594,29000000
1100,1100,73000000
1583,1583,62000000
1189,1189,7531741
1880,1880,165000000
3025,3025,68717376
4268,4268,35700000
4555,4555,69000000
832,832,31700000
9,9,13867791
4021,4021,228800000
3413,3413,15500000
4489,4489,22900000
512,512,12600000
1001,1001,15000000
1069,1069,7137923
3294,3294,11279868
2748,2748,23573817
137,137,9123400
824,824,44741025
1386,1386,9197760
4442,4442,5997961
1470,1470,8747370
3062,3062,72182650
2667,2667,14490000
1979,1979,180000000
1266,1266,24504472
3993,3993,160420000
1720,1720,17815210
3004,3004,147000000
213,213,13790000
4236,4236,47000000
3177,3177,14900000
1459,1459,7900000
3060,3060,10674920
60,60,19847061
1653,1653,14601211
4127,4127,11300000
345,345,8800000
334,334,24802781
2267,2267,137733400
1304,1304,9950000
2492,2492,10715978
3350,3350,50500000
2949,2949,55200190
3778,3778,17200000
4376,4376,11967571
84,84,98500000
617,617,52810300
1066,1066,14000000
4854,4854,8500000
35,35,229500000
237,237,180000000
738,738,188240000
2834,2834,6865607
4487,4487,8864946
4261,4261,150000000
3094,3094,12900000
855,855,17606234
186,186,26993838
2850,2850,13099013
1621,1621,46236452
4885,4885,19000000
768,768,16336845
4678,4678,36260790
4179,4179,65061640
4066,4066,26712168
449,449,16200000
939,939,321574825
4777,4777,5980458
1131,1131,12500000
1461,1461,85000000
4323,4323,18140217
1800,1800,80000000
3679,3679,11000000
4683,4683,33500000
258,258,31822257
4783,4783,46900000
1779,1779,11450000
4290,4290,54131400
4645,4645,17295455
2581,2581,9990000
3916,3916,26300000
703,703,84999000
4613,4613,14700000
2371,2371,192830189
907,907,20900000
2426,2426,14500000
2249,2249,233000000
1428,1428,9990000
3961,3961,8160000
1567,1567,22499235
2408,2408,19240000
3249,3249,133844257
2987,2987,120000000
2277,2277,10852918
1083,1083,7518762
3732,3732,12000000
3901,3901,43000000
3491,3491,46900000
4125,4125,7315273
1229,1229,142000000
2019,2019,14850000
2328,2328,61000000
4519,4519,32000000
3612,3612,38900000
4159,4159,10268391
3761,3761,155000000
2034,2034,11750000
4621,4621,11435900
2806,2806,17000000
654,654,95000000
4278,4278,199000000
1992,1992,106500000
2357,2357,38918880
4079,4079,7490880
3751,3751,34400000
718,718,26876310
2047,2047,21990000
511,511,19698763
4696,4696,146250000
135,135,56000000
1652,1652,10200000
1557,1557,57000000
524,524,22500000
408,408,119600000
1489,1489,86000000
4623,4623,15600000
2186,2186,17300000
3160,3160,8060000
3780,3780,11400000
3384,3384,23310120
4849,4849,67499000
2121,2121,15600000
2641,2641,7101003
729,729,45000000
388,388,10018820
3228,3228,27000000
1164,1164,9793785
2032,2032,8686046
2702,2702,6400000
2592,2592,10268497
4758,4758,23981169
1762,1762,14999000
1238,1238,44700000
4214,4214,35250000
3077,3077,35120619
3821,3821,10500000
3041,3041,4400000
3502,3502,39300000
3658,3658,9072500
3676,3676,325310000
4108,4108,22377265
4184,4184,73900000
909,909,41194092
1915,1915,31289863
2135,2135,35500000
1752,1752,414900000
1736,1736,13645193
996,996,7656412
1098,1098,10950000
2169,2169,30500000
374,374,85645820
2891,2891,166990000
3126,3126,87988700
2214,2214,23136004
2865,2865,40000000
1679,1679,30515527
973,973,7766495
2919,2919,31715600
442,442,10800000
2998,2998,20500000
4513,4513,76207327
3792,3792,27548010
3827,3827,12500000
4196,4196,80000000
4675,4675,10700000
3085,3085,18750000
697,697,14500000
4856,4856,95000000
4470,4470,6200000
5,5,10600000
2112,2112,67970000
1824,1824,13564850
4677,4677,63000000
1154,1154,12700000
686,686,93774964
2086,2086,23340645
582,582,18505969
4795,4795,11500000
4015,4015,125530000
1449,1449,26500000
800,800,40630000
3434,3434,7852883
4618,4618,8352129
1616,1616,14500000
371,371,23300000
276,276,37946435
4422,4422,19500000
1142,1142,7100000
3426,3426,24065284
2297,2297,21720988
4461,4461,39500000
2993,2993,25000000
4563,4563,7549265
1548,1548,34233920
2476,2476,11350000
2123,2123,13187100
978,978,11500000
201,201,10003566
2234,2234,12500000
4396,4396,11000000
2201,2201,10900000
4626,4626,8932053
416,416,12900000
1424,1424,5876640
3534,3534,9886516
4807,4807,9414330
1316,1316,14000000
2129,2129,31100000
1365,1365,45000000
1572,1572,56649789
1587,1587,9400000
1968,1968,17390000
908,908,36300000
705,705,29949630
3888,3888,10290000
3486,3486,45000000
1699,1699,7891444
1276,1276,18616920
3468,3468,19355220
3359,3359,8386817
1170,1170,25000000
3216,3216,53000000
4658,4658,6751601
2807,2807,38739600
3696,3696,7386090
2768,2768,16500000
3304,3304,43191050
4094,4094,8500000
2708,2708,23103660
4637,4637,69000000
1822,1822,21200000
3943,3943,10950000
1123,1123,20166020
3903,3903,58500000
2153,2153,19900000
1358,1358,43000000
4363,4363,9562597
1121,1121,9044191
2206,2206,22691340
2062,2062,59519000
2149,2149,28938350
519,519,95496855
2439,2439,39000000
1709,1709,22500000
761,761,34500000
4534,4534,65000000
4834,4834,17499000
571,571,11800000
4830,4830,66000000
4025,4025,31500000
827,827,128000000
3377,3377,27900000
3405,3405,113000000
357,357,8723875
4000,4000,66435201
3195,3195,14900000
798,798,17800000
638,638,13000000
3307,3307,18950000
4016,4016,120000000
4663,4663,6286342
3862,3862,5772320
3856,3856,6548099
1545,1545,125000000
2747,2747,7849978
4871,4871,17400000
1985,1985,6225409
2189,2189,10019520
266,266,22200648
4825,4825,33000000
3353,3353,13500000
1866,1866,95000000
4567,4567,23990000
1289,1289,69945000
1585,1585,16500000
3960,3960,10819963
542,542,22500000
2598,2598,18176128
636,636,60000000
1882,1882,18140217
154,154,6609454
911,911,12700000
982,982,31358930
2969,2969,10950000
3462,3462,85327348
4178,4178,10300000
1637,1637,31950000
2624,2624,10020267
2772,2772,37000000
2510,2510,14499999
2475,2475,19990000
3106,3106,25800000
3860,3860,5729149
2623,2623,6354000
1063,1063,8586459
3812,3812,175500000
4647,4647,16400000
463,463,6990000
3245,3245,8931112
3773,3773,52000000
4394,4394,98000000
4526,4526,12934260
16,16,85000000
2289,2289,125000000
2913,2913,10600000
2531,2531,135000000
3235,3235,15245706
250,250,91999000
2955,2955,53198640
3306,3306,50400000
2976,2976,229559749
503,503,45000000
924,924,116690000
4247,4247,115000000
2827,2827,8409679
1692,1692,30018191
